strategy,year,return
Buy-and-hold basket,2017,0.18737608489692525
Buy-and-hold basket,2018,-0.11088761267469516
Buy-and-hold basket,2019,0.09882760273858127
Buy-and-hold basket,2020,0.07196223893377929
Buy-and-hold basket,2021,0.2927626562778163
Buy-and-hold basket,2022,0.020175136159313434
Buy-and-hold basket,2023,-0.12392428202697436
Buy-and-hold basket,2024,0.06444157190739674
Buy-and-hold basket,2025,-0.10103490828047546
Buy-and-hold basket,2026,0.452303939119892
Original multi-horizon,2017,0.19797036782856825
Original multi-horizon,2018,-0.045293472687832015
Original multi-horizon,2019,0.14968495416703864
Original multi-horizon,2020,0.22776538567271642
Original multi-horizon,2021,0.48722382623504057
Original multi-horizon,2022,0.011481771472817037
Original multi-horizon,2023,-0.03247906891164598
Original multi-horizon,2024,0.09708424421547468
Original multi-horizon,2025,-0.023440338274328787
Original multi-horizon,2026,0.4391609131961254
Buffered 15 / 5% cash,2017,0.1903319400420096
Buffered 15 / 5% cash,2018,-0.03892983942265926
Buffered 15 / 5% cash,2019,0.12077126031072072
Buffered 15 / 5% cash,2020,0.32426253733010624
Buffered 15 / 5% cash,2021,0.517117875880416
Buffered 15 / 5% cash,2022,0.0016495235499578431
Buffered 15 / 5% cash,2023,-0.024881705057635317
Buffered 15 / 5% cash,2024,0.11136036131443783
Buffered 15 / 5% cash,2025,-0.010593678151165853
Buffered 15 / 5% cash,2026,0.46309034058992604
Buffered 15 / 10% cash,2017,0.1800137312618315
Buffered 15 / 10% cash,2018,-0.03654702000726795
Buffered 15 / 10% cash,2019,0.11419824254644806
Buffered 15 / 10% cash,2020,0.3054741727597341
Buffered 15 / 10% cash,2021,0.48596231721016325
Buffered 15 / 10% cash,2022,0.0018142993577550115
Buffered 15 / 10% cash,2023,-0.023503006973240814
Buffered 15 / 10% cash,2024,0.10692678436045888
Buffered 15 / 10% cash,2025,-0.010031785094182122
Buffered 15 / 10% cash,2026,0.4349368785185399
