strategy,candidate,period,cost_profile,cagr,fees_fraction_initial_capital,fills,max_drawdown,max_single_weight,mean_exposure,sessions,sharpe_rf0,total_return,turnover_initial_capital
Buy-and-hold basket,benchmark,full,base,0.0736517979569713,0.0016603118421363952,99,-0.3797579805537018,0.2756921625241369,0.9140436293979599,2370,0.5250388320872597,0.9966932640225328,0.988339688157863
Buy-and-hold basket,benchmark,full,stress,0.07338247975652967,0.0033048144461046577,99,-0.3797315369509191,0.27576228673022174,0.913587649824494,2370,0.5236555738437099,0.9918250988262081,0.9860579392727924
Buy-and-hold basket,benchmark,recent,base,0.07703198398125677,0.0016603118421363947,99,-0.29434414163423284,0.05134471189891875,0.9631251852308373,671,0.5497167104307369,0.22503602997969674,0.9883396881578632
Buy-and-hold basket,benchmark,recent,stress,0.0761532303010064,0.00284888529318228,99,-0.2943964940521221,0.051337536240497264,0.9629262836028311,671,0.5446288452329121,0.22230419021149128,0.9869649450974767
Original multi-horizon,f4f96d173a82b60a,full,base,0.14144433630171216,0.2040725752764451,2057,-0.14787018342297553,0.12534038623834015,0.6510424295792726,2370,1.1194158363071725,2.6228727423475786,121.47900189085371
Original multi-horizon,f4f96d173a82b60a,full,stress,0.12685018333247644,0.31024570700597165,2057,-0.1545808834912754,0.1251702658645185,0.6506339413777348,2370,1.0149006074956253,2.196499299311596,112.82072330120059
Original multi-horizon,f4f96d173a82b60a,recent,base,0.171529764846718,0.027285761574757567,472,-0.08665384636816809,0.12145036433688076,0.5310754154857735,671,1.4204119854492665,0.5418712635843408,16.242491561853427
Original multi-horizon,f4f96d173a82b60a,recent,stress,0.1592462409417461,0.04397716793044283,472,-0.08931449403532432,0.12150362170989658,0.5307668444576868,671,1.3272194020211934,0.498055064406147,15.992278966668904
Buffered 15 / 5% cash,e9a522bb24938501,full,base,0.15452576975773336,0.18922228700390495,1512,-0.1449713025775009,0.15398958708928845,0.6328781616876525,2370,1.152720802504959,3.047691507905556,112.63901839627654
Buffered 15 / 5% cash,e9a522bb24938501,full,stress,0.14150504746371872,0.28986640609702097,1512,-0.15186303459086148,0.15374096748580812,0.6323528415800834,2370,1.0660423208139855,2.624748146701637,105.40979893705986
Buffered 15 / 5% cash,e9a522bb24938501,recent,base,0.18987102883908324,0.024176539894199912,346,-0.07740763803306072,0.15062042377391088,0.5198617545999649,671,1.5021600913058917,0.6087950705489102,14.391654202154832
Buffered 15 / 5% cash,e9a522bb24938501,recent,stress,0.1789109477651547,0.0390283995286166,346,-0.07961267361914248,0.15071864717740038,0.519446420338984,671,1.42368285209208,0.568586994218633,14.192661379910763
Buffered 15 / 10% cash,f4f5be7d82b85c48,full,base,0.14643448660444025,0.17226244562462856,1512,-0.13764656735373848,0.14697579205395278,0.6001812869123515,2370,1.1523024308706282,2.7799601023399756,102.54327378095637
Buffered 15 / 10% cash,f4f5be7d82b85c48,full,stress,0.1341659657464147,0.2648703870345087,1512,-0.14421627504806334,0.1467352065123744,0.5996439963457737,2370,1.065644395251271,2.4042465971493687,96.32000692189119
Buffered 15 / 10% cash,f4f5be7d82b85c48,recent,base,0.17996775111797936,0.02277897718261413,346,-0.07350514668246422,0.14298256766661133,0.49441234732036765,671,1.5010963040316623,0.5724358775596707,13.559722115967697
Buffered 15 / 10% cash,f4f5be7d82b85c48,recent,stress,0.16962606447475004,0.0367957539975369,346,-0.07559632768137559,0.1430707034433466,0.4939869792744423,671,1.422625242542484,0.5350281112175015,13.380760754040828
