symbol,provider_symbol,status,rows,first_date,last_date,invalid_rows_removed,zero_volume_rows,max_calendar_gap_days,starts_late,ends_early,years_observed,sha256,downloaded_at_utc,alias
AAV,AAV.BK,ok,2614,2016-01-04,2026-09-28,0,44,6,False,False,10.73,e2c27eada2dbe75f7c373217d5cfb784d4c697bb39c6546a4c57726f261d288a,2026-09-29T06:33:32.075577+00:00,
ADVANC,ADVANC.BK,ok,2613,2016-01-04,2026-09-28,1,62,6,False,False,10.73,b74c5fc72b71ca07f9ff5663638a6279081b53f9095f0147b589d46e8f9fdd34,2026-09-29T06:33:32.526915+00:00,
AEONTS,AEONTS.BK,ok,2607,2016-01-04,2026-09-28,7,63,6,False,False,10.73,a04cf74360976f41b108f71076e5a1c4e189f0168cc28bd541e0140fb9b0f697,2026-09-29T06:33:32.959449+00:00,
AMATA,AMATA.BK,ok,2614,2016-01-04,2026-09-28,0,63,6,False,False,10.73,4215eb3e47ba759fe5aa537d2e088de163947c4f24baccc50339f91a511fa3a7,2026-09-29T06:33:33.475771+00:00,
AOT,AOT.BK,ok,2613,2016-01-04,2026-09-28,1,66,6,False,False,10.73,3bf9aca1775a291fe2eb44be3817660649918cfd4e4f86e20897da0311beb066,2026-09-29T06:33:33.955873+00:00,
AP,AP.BK,ok,2613,2016-01-04,2026-09-28,1,64,6,False,False,10.73,102aabf345e7f09f4aa90bb6f480b028c1af77961e95eb41e18eb3a0a56e74b6,2026-09-29T06:33:34.467209+00:00,
AURA,AURA.BK,ok,935,2022-11-29,2026-09-28,1,25,6,True,False,3.83,7336d2655f258b7dece2027bb72a1b8a39ab0855974abbf36e3c84be6d7f15df,2026-09-29T06:33:34.836776+00:00,
AWC,AWC.BK,ok,1691,2019-10-10,2026-09-28,2,23,6,True,False,6.97,a1d49d5d0552a82b4e8f8840d59e2d87c4dc4a007b73dc8227c7ffd9a672d5e6,2026-09-29T06:33:35.269338+00:00,
BA,BA.BK,ok,2613,2016-01-04,2026-09-28,1,40,6,False,False,10.73,0a75acaf4756052b920f038a6091aa313f3b9a75e9688333b5a6aace6225a01b,2026-09-29T06:33:35.710845+00:00,
BAM,BAM.BK,ok,1648,2019-12-16,2026-09-28,2,24,6,True,False,6.78,c8481f41bb088ff9964216314580fcc18ef163748cbcdf70fb4dc9e41ebf6273,2026-09-29T06:33:36.134309+00:00,
BANPU,BANPU.BK,ok,2377,2016-10-28,2026-08-11,5,40,6,True,True,9.79,c1d1ff0c8c7beb5d4888915177592de37c4822130ecc6b73ec20d3519b8f2e6d,2026-09-29T06:33:36.569818+00:00,
BBL,BBL.BK,ok,2610,2016-01-04,2026-09-28,4,65,6,False,False,10.73,37d1bb163fdf196003b187cb7f8369b33cd35e64445ff1b4bb5aff175e3e5343,2026-09-29T06:33:37.035671+00:00,
BCH,BCH.BK,ok,2612,2016-01-04,2026-09-28,2,56,6,False,False,10.73,a93f5504544362cbdeaa5caa76cbaa17b46c2104e442d2916ac759f0245ba1f7,2026-09-29T06:33:37.533252+00:00,
BCP,BCP.BK,ok,2613,2016-01-04,2026-09-28,1,67,6,False,False,10.73,9669530cf9f4979a525ab93bb783ede0dbf2db42620870b7dfe9da6df128041f,2026-09-29T06:33:37.935334+00:00,
BCPG,BCPG.BK,ok,2433,2016-09-28,2026-09-28,2,31,6,True,False,10.0,465a6d2fe5bf40cdd77abd22e8a22c47c16c5159ff98a1e071523883a44d738b,2026-09-29T06:33:38.348724+00:00,
BDMS,BDMS.BK,ok,2614,2016-01-04,2026-09-28,0,70,6,False,False,10.73,32173d9bf70b7002013213ffb3b2d3a07fdf66660754b572dbb2a44eac07f38f,2026-09-29T06:33:38.851087+00:00,
BEM,BEM.BK,ok,2610,2016-01-04,2026-09-28,4,68,6,False,False,10.73,297062099a21dabde8a1866e6523732f35a42c4d0ea0a57f321e5b369401e3ac,2026-09-29T06:33:39.292904+00:00,
BGRIM,BGRIM.BK,ok,2237,2017-07-20,2026-09-28,1,32,6,True,False,9.19,3a3c767f11056389db42855a148dbf6f7e6d5b5d9c0e652386d8a514647b6cca,2026-09-29T06:33:39.707653+00:00,
BH,BH.BK,ok,2612,2016-01-04,2026-09-28,2,64,6,False,False,10.73,735732aff72f935294684c2b1441ffe538474700c37e87dd560a70757b050a1d,2026-09-29T06:33:40.209717+00:00,
BJC,BJC.BK,ok,2610,2016-01-04,2026-09-28,4,63,6,False,False,10.73,a9064f3560307ce77e8109ab9cc560b623cfc42ab9d0b91893aaa99eeee0cfc2,2026-09-29T06:33:40.712373+00:00,
BLA,BLA.BK,ok,2613,2016-01-04,2026-09-28,1,49,6,False,False,10.73,e33eb65a25527b6e2f7cac29eec45e4c6b8645a1758c613556dd4f8c7113587d,2026-09-29T06:33:41.174013+00:00,
BTG,BTG.BK,ok,945,2022-11-10,2026-09-28,4,23,6,True,False,3.88,6f6956eb2b5c9d8d02d434a69c332b5b1e0615507f8eee363347d2214bf3c032,2026-09-29T06:33:41.552299+00:00,
BTS,BTS.BK,ok,2612,2016-01-04,2026-09-28,2,79,6,False,False,10.73,26a3d47e4f2d2d6e1ef204c1c5442e7792cf90defff4ea7e16ffc12abaa1285e,2026-09-29T06:33:42.082481+00:00,
CBG,CBG.BK,ok,2607,2016-01-04,2026-09-28,7,35,6,False,False,10.73,3a488b3b0d2a491fd52662fd08ad349e68111a2b7278e67e24feffc461996a4e,2026-09-29T06:33:42.568719+00:00,
CCET,CCET.BK,ok,2607,2016-01-04,2026-09-28,7,56,6,False,False,10.73,ff95c82534fe5dc7a9c401e90bacf3efe660901d76dc95b518e9d6ad3b5eac6c,2026-09-29T06:33:43.102094+00:00,
CENTEL,CENTEL.BK,ok,2614,2016-01-04,2026-09-28,0,65,6,False,False,10.73,908e118f6dea8a00abda99546a5d78228a8531ec1244b7b76d58a6109d2ae342,2026-09-29T06:33:43.590721+00:00,
CHG,CHG.BK,ok,2612,2016-01-04,2026-09-28,2,42,6,False,False,10.73,2ef536687bdb64605abe1c6809e75fcb7cf0c57742933df64f20b3cbdda03a8e,2026-09-29T06:33:44.059790+00:00,
CK,CK.BK,ok,2609,2016-01-04,2026-09-28,5,55,6,False,False,10.73,0262467fbf29565eb2419b23268d8123e307e01fb35da6eefbcbabb75556274c,2026-09-29T06:33:44.573189+00:00,
COM7,COM7.BK,ok,2613,2016-01-04,2026-09-28,1,36,6,False,False,10.73,5dcd87972319351d1950797d15b05c80c5b5de4e0df2fa22072b79e6f1e6a5e3,2026-09-29T06:33:45.066763+00:00,
CPALL,CPALL.BK,ok,2611,2016-01-04,2026-09-28,3,57,6,False,False,10.73,6355c3529823a1e8954ec9bdb1c7f64c209b76a433a1c4b611cf0522f9b6145d,2026-09-29T06:33:45.539232+00:00,
CPF,CPF.BK,ok,2611,2016-01-04,2026-09-28,3,55,6,False,False,10.73,571da9dcc8cbf98def356776bad88ac47169c52270420c70595f8f9a573873a2,2026-09-29T06:33:46.043065+00:00,
CPN,CPN.BK,ok,2611,2016-01-04,2026-09-28,3,58,6,False,False,10.73,25b3e7e58aa1cab8881afe29e074943083227f4955e22bd8157fec7979901765,2026-09-29T06:33:46.489440+00:00,
CRC,CRC.BK,ok,1604,2020-02-20,2026-09-28,1,24,6,True,False,6.6,aa67a12f053feb3b8c9d2c1720b69073db038c33c94cddab7a95fbfc076657fa,2026-09-29T06:33:46.882492+00:00,
DELTA,DELTA.BK,ok,2613,2016-01-04,2026-09-28,1,53,6,False,False,10.73,da4ef87c41a9850a72600b93e41228592fc8e5401fb96d64cb21e4727a19a10b,2026-09-29T06:33:47.394479+00:00,
DOHOME,DOHOME.BK,ok,1739,2019-08-06,2026-09-28,0,25,6,True,False,7.15,67825c473a5f9f0f5a9e05998964e326ef91933aa30274317608483c093fad79,2026-09-29T06:33:47.795644+00:00,
EA,EA.BK,ok,2613,2016-01-04,2026-09-28,1,40,6,False,False,10.73,133144f8e700f09df9774e8f99f7c80f6b87db49d670f3d7e5271db4d53d4c33,2026-09-29T06:33:48.253618+00:00,
EGCO,EGCO.BK,ok,2610,2016-01-04,2026-09-28,4,57,6,False,False,10.73,9acecf7f7784e2cdc9f40970b1e27423c25dffde38d53b72ce4c7817839413eb,2026-09-29T06:33:48.694157+00:00,
ERW,ERW.BK,ok,2613,2016-01-04,2026-09-28,1,52,6,False,False,10.73,ece6cfece27347eae0b125bf8ed54ab4aff259cf3dd7d2b26b876dcbc82f9d04,2026-09-29T06:33:49.225309+00:00,
GFPT,GFPT.BK,ok,2612,2016-01-04,2026-09-28,2,50,6,False,False,10.73,f0be7534dc102435154dc79c47df9135a3e31dd317832a61625bf570e4dfcc74,2026-09-29T06:33:49.669968+00:00,
GLOBAL,GLOBAL.BK,ok,2614,2016-01-04,2026-09-28,0,18,6,False,False,10.73,722b525a8e414998f514f1a5bb7b259d36e755adc97f62d4d7d7e7a3c5746e4c,2026-09-29T06:33:50.142162+00:00,
GPSC,GPSC.BK,ok,2612,2016-01-04,2026-09-28,2,35,6,False,False,10.73,d9ff89df84a823f76b546c7ed26b8e4b8b8f924789f17a16d40970889d7099d6,2026-09-29T06:33:50.584819+00:00,
GST,GST.BK,ok,2612,2016-01-04,2026-09-28,2,53,6,False,False,10.73,21fab4043009fb6bf0261cc251d702113b32eb84785a639637ec26ed1603dc45,2026-09-29T06:36:24.357438+00:00,"{'previous_yahoo_symbol': 'THCOM.BK', 'effective_date': '2026-09-28', 'source_url': 'https://www.set.or.th/th/market/news-and-alert/newsdetails?id=106881901&symbol=THCOM', 'reason': 'Name and ticker change, not a merger. Use THCOM strictly before the effective date.'}"
GULF,GULF.BK,ok,364,2025-04-03,2026-09-28,0,8,6,True,False,1.49,57298cd84c135c9573ac1d75c08173ff90a8a26eefd941315caa0c97c8666061,2026-09-29T06:33:57.280469+00:00,
GUNKUL,GUNKUL.BK,ok,2612,2016-01-04,2026-09-28,2,45,6,False,False,10.73,e9fb3db98a603e24fbf4306f25bfd22467d3a4af86bb5e5c5973d6e94d8197a9,2026-09-29T06:33:57.855756+00:00,
HANA,HANA.BK,ok,2612,2016-01-04,2026-09-28,2,52,6,False,False,10.73,4a2732c2fb30c928983e5b0d0a191c7f96416904dbf91565b9d68fa093c3d79a,2026-09-29T06:33:58.351642+00:00,
HMPRO,HMPRO.BK,ok,2614,2016-01-04,2026-09-28,0,48,6,False,False,10.73,7863223e8bd5360e9c79ffd7a3fe0299716ffedbdb4b8f209b66158c2fccfb48,2026-09-29T06:33:58.867382+00:00,
ICHI,ICHI.BK,ok,2610,2016-01-04,2026-09-28,4,42,6,False,False,10.73,b845a3ccdba759b4da20b8430b4a3527fbcc56a626e7d7a8ccc6cae2ffa176b0,2026-09-29T06:33:59.327667+00:00,
IRPC,IRPC.BK,ok,2613,2016-01-04,2026-09-28,1,52,6,False,False,10.73,1aaf51993bfb01da7846e3147e63a3527a0c6e75858b33a7c4cabfa82fab8b7c,2026-09-29T06:33:59.840730+00:00,
IVL,IVL.BK,ok,2614,2016-01-04,2026-09-28,0,49,6,False,False,10.73,ebb4b17faef6bda53c47c5b705609677a403bf3181aeb693f28c691f02b7bd10,2026-09-29T06:34:00.303309+00:00,
JMART,JMART.BK,ok,2612,2016-01-04,2026-09-28,2,54,6,False,False,10.73,e16236b2f610818f7f61502f6a87caef0bbb1474eb5dafb0256c1a1a1510a3d0,2026-09-29T06:34:00.779666+00:00,
JMT,JMT.BK,ok,2613,2016-01-04,2026-09-28,1,43,6,False,False,10.73,141468e866a88556995e14d58154c51496f99ae485df639c153c5d36452bcf9c,2026-09-29T06:34:01.274848+00:00,
KBANK,KBANK.BK,ok,2611,2016-01-04,2026-09-28,3,83,6,False,False,10.73,916e62ba1a52ca8228f382fb94d36864c588d9ec87e97f2a27c926c0eabd9fe4,2026-09-29T06:34:01.761892+00:00,
KCE,KCE.BK,ok,2612,2016-01-04,2026-09-28,2,48,6,False,False,10.73,3962b319ba12a6ce9b5d8174f558a40111842f0019619260fcbdb0c1d44772d1,2026-09-29T06:34:02.274443+00:00,
KKP,KKP.BK,ok,2614,2016-01-04,2026-09-28,0,52,6,False,False,10.73,a480e275323e24c5a4222c19479831c891eacdab0a2d356fb6f36369267fae84,2026-09-29T06:34:02.795557+00:00,
KTB,KTB.BK,ok,2614,2016-01-04,2026-09-28,0,48,6,False,False,10.73,a43d11eed91e5a3251e250aa2f90bdf19678c7eac758acdf88cce306f18d272c,2026-09-29T06:34:03.258927+00:00,
KTC,KTC.BK,ok,2612,2016-01-04,2026-09-28,2,53,6,False,False,10.73,2335b4f5c128eee17b40d397705ed8df3997c2cbe9081c61be7425f5a718abbd,2026-09-29T06:34:03.748687+00:00,
LH,LH.BK,ok,2614,2016-01-04,2026-09-28,0,70,6,False,False,10.73,b84aff311d5019f8cd85c36a84b5a5b58a40ae7104899f0391c0923eee64939b,2026-09-29T06:34:04.219948+00:00,
M,M.BK,ok,2611,2016-01-04,2026-09-28,3,42,6,False,False,10.73,1fb12eb18f672ac1737bfbab3681889a2e0ef864537c9b2fe361723e7b9fea03,2026-09-29T06:34:04.702787+00:00,
MEGA,MEGA.BK,ok,2613,2016-01-04,2026-09-28,1,39,6,False,False,10.73,347c71843d985df54e3eca4beae3a7c3b8a1fadb0172061708d1160217be47cc,2026-09-29T06:34:05.181657+00:00,
MINT,MINT.BK,ok,2613,2016-01-04,2026-09-28,1,57,6,False,False,10.73,c827933c06bee233223bd0d20ce1da4a92ec6ca86348093998bea07153c2811c,2026-09-29T06:34:05.705792+00:00,
MOSHI,MOSHI.BK,ok,913,2022-12-22,2026-09-28,8,22,6,True,False,3.77,aa3514e17df6e43dc2e690728e8207269b221c09cd2176e1cd31b7afa2e64969,2026-09-29T06:34:06.196179+00:00,
MRDIYT,MRDIYT.BK,ok,224,2025-11-05,2026-09-28,0,7,6,True,False,0.9,30f6b8356494f15b66578b23d4699ed84b0836d2103a7bfcb2cb7124f2a873ab,2026-09-29T06:34:06.664006+00:00,
MTC,MTC.BK,ok,2614,2016-01-04,2026-09-28,0,36,6,False,False,10.73,2daf06800c7115333ba5f9fb773089b55dbf40d6aea1e2dc687a72c091a9f4a9,2026-09-29T06:34:07.128106+00:00,
OR,OR.BK,ok,1366,2021-02-11,2026-09-28,2,24,6,True,False,5.63,a98fe9db67770dbb2acf92d31fffe023a690abce96a64b399358b05f024dcf92,2026-09-29T06:34:07.573227+00:00,
OSP,OSP.BK,ok,1933,2018-10-17,2026-09-28,0,26,6,True,False,7.95,c4facb5915183beb8004f7a8d367f350530d2668508dbfad3cc8fa601dab6995,2026-09-29T06:34:08.329617+00:00,
PLANB,PLANB.BK,ok,2613,2016-01-04,2026-09-28,1,33,6,False,False,10.73,8221b8e4cca0975156bc31f7ac4b14c4b4bc2d0f09e374b45f8ca6e5c4151ecb,2026-09-29T06:34:08.986420+00:00,
PR9,PR9.BK,ok,1921,2018-10-30,2026-09-28,4,23,6,True,False,7.91,c21ba35bea7b18c6b23dedb5171b611183c7e794ae681501ec4064e44394d523,2026-09-29T06:34:09.664339+00:00,
PRM,PRM.BK,ok,2196,2017-09-14,2026-09-28,4,33,6,True,False,9.04,c56d98f35ccb504e916ee1902500df085ebbae9e58182263190b0b4f74f2b579,2026-09-29T06:34:10.232313+00:00,
PTG,PTG.BK,ok,2614,2016-01-04,2026-09-28,0,48,6,False,False,10.73,60abef92d7ff0294d6356f8682cd7e1f18441c03ff3e95fd9c6e38366fa64ff4,2026-09-29T06:34:10.920315+00:00,
PTT,PTT.BK,ok,2611,2016-01-04,2026-09-28,3,66,6,False,False,10.73,82601780ad66aeacb1dede2bd3dac0748fa86b67a25d30391c8ecba9647718ac,2026-09-29T06:34:11.428717+00:00,
PTTEP,PTTEP.BK,ok,2611,2016-01-04,2026-09-28,3,63,6,False,False,10.73,da8e7c74d144a4b1db7e97f847d935640fe14d7548f5baffb58160e29650d797,2026-09-29T06:34:12.129915+00:00,
PTTGC,PTTGC.BK,ok,2614,2016-01-04,2026-09-28,0,42,6,False,False,10.73,2f96eb26ddcc40c1b770f048a539acc78d5e3832d1ff7ef2bbedf7928c2d83ab,2026-09-29T06:34:12.826836+00:00,
QH,QH.BK,ok,2614,2016-01-04,2026-09-28,0,58,6,False,False,10.73,3ace66ae54a83372c6db83a7246bf277d09280a54dbe1e2af0594f2a11d650a8,2026-09-29T06:34:13.399307+00:00,
RATCH,RATCH.BK,ok,2614,2016-01-04,2026-09-28,0,63,6,False,False,10.73,b251fa284eb577404c08a94b00fc2cc1bed1c4566c36b6ef5b456ec41636ecd9,2026-09-29T06:34:13.889985+00:00,
RCL,RCL.BK,ok,2611,2016-01-04,2026-09-28,3,62,6,False,False,10.73,bf81fda0c9bccbfcdf0a001c8e456f2d3c5f43ee355022371ad64f7f5bd0517c,2026-09-29T06:34:14.401787+00:00,
SAWAD,SAWAD.BK,ok,2610,2016-01-04,2026-09-28,4,15,6,False,False,10.73,31dc00001649c19daa1f139fdd384a9cbffbb24f34430183169c2318855df443,2026-09-29T06:34:14.879094+00:00,
SCB,SCB.BK,ok,1079,2022-04-20,2026-09-28,1,56,7,True,False,4.44,a7429314a91b440ed00e3bb52460a2c2b847222945303ae8835a93c2835bf649,2026-09-29T06:34:15.241252+00:00,
SCC,SCC.BK,ok,2609,2016-01-04,2026-09-28,5,57,6,False,False,10.73,911d08d6b1032128d3423c8e91286441ddaa04463b50f0fc61b0440c60d145d0,2026-09-29T06:34:15.718676+00:00,
SCGP,SCGP.BK,ok,1442,2020-10-22,2026-09-28,0,22,6,True,False,5.93,21084aa9133384bd3068059e40ceef3158823fc31b8a51ac1947f306e1dd6a0a,2026-09-29T06:34:16.144049+00:00,
SIRI,SIRI.BK,ok,2613,2016-01-04,2026-09-28,1,61,6,False,False,10.73,ce3f69ab2519a0c8b35ae885501323ba2fd166b7dd8e8c7e9ae581aa9c38dc12,2026-09-29T06:34:16.664946+00:00,
SPALI,SPALI.BK,ok,2612,2016-01-04,2026-09-28,2,63,6,False,False,10.73,0aff9eb16005fdfc132bd0305593114481e322327d3480228a12b988065091c6,2026-09-29T06:34:17.142279+00:00,
SPRC,SPRC.BK,ok,2612,2016-01-04,2026-09-28,2,39,6,False,False,10.73,083c392481f1ab6144811fa6a8cb383419b40df6ee256fd18e8062def002dbde,2026-09-29T06:34:17.620225+00:00,
STA,STA.BK,ok,2614,2016-01-04,2026-09-28,0,65,6,False,False,10.73,a45ce21cbaf0d042d51313fb72c8051911edb2dbd2bef64311e0f302c449832c,2026-09-29T06:34:18.156221+00:00,
STECON,STECON.BK,ok,470,2024-10-30,2026-09-28,0,8,6,True,False,1.91,a8401ddd9e816b13bbb52622a84b22caec5608e8e356c0650e775b514991df78,2026-09-29T06:34:18.496707+00:00,
STGT,STGT.BK,ok,1511,2020-07-02,2026-09-28,4,31,6,True,False,6.24,9eb32f107d3f84c1154cbffd153bc6170aeed7923bca81193679dec617eb5f00,2026-09-29T06:34:18.951705+00:00,
TASCO,TASCO.BK,ok,2614,2016-01-04,2026-09-28,0,65,6,False,False,10.73,6c2e21e23c271b1c33f9e6742d94a9aa7a7427fd54ac0c6b994b9b285428e32a,2026-09-29T06:34:19.461206+00:00,
TCAP,TCAP.BK,ok,2612,2016-01-04,2026-09-28,2,63,6,False,False,10.73,d392b9c5364c3b6de6ca62120eeab0b44c7107380df0c3c0955bc6065e76533f,2026-09-29T06:34:19.963503+00:00,
TFG,TFG.BK,ok,2610,2016-01-04,2026-09-28,4,36,6,False,False,10.73,a28dfba45c51f8c25ad6a53087292b44fc52a893758235628846695ff44d34d8,2026-09-29T06:34:20.556560+00:00,
THAI,THAI.BK,ok,2614,2016-01-04,2026-09-28,0,1064,6,False,False,10.73,dd27bd90aeaca4c427c131524c5343ed829ee3a49a07a4d3158222eab9382952,2026-09-29T06:34:20.995359+00:00,
TIDLOR,TIDLOR.BK,ok,339,2025-05-16,2026-09-28,0,8,6,True,False,1.37,5793c9a22d3ac7f5fa9a58c74cf1b57752b36bc7d15dccc37b336ea5d48652c4,2026-09-29T06:34:21.332071+00:00,
TISCO,TISCO.BK,ok,2613,2016-01-04,2026-09-28,1,69,6,False,False,10.73,3d7955884388799fd3047d1fe136b75cafeae8b30c1b2c54d0b7cd67b05a32fe,2026-09-29T06:34:21.851150+00:00,
TLI,TLI.BK,ok,1020,2022-07-25,2026-09-28,1,36,6,True,False,4.18,dfb9ad5651834887d5fa2b0e192840db887e1bdf7978d24c12ae4d8222f87e8f,2026-09-29T06:34:22.238949+00:00,
TOA,TOA.BK,ok,2175,2017-10-10,2026-09-28,7,34,7,True,False,8.97,21ee25d1cce4fbfbc808fae72e7a0a30551b503289ffecc38b73d8d64189ae13,2026-09-29T06:34:22.702728+00:00,
TOP,TOP.BK,ok,2613,2016-01-04,2026-09-28,1,70,6,False,False,10.73,baf7099b4338e8671522f6208a4871e21be2c61641dde04adab5f67461d8461d,2026-09-29T06:34:23.199215+00:00,
TRUE,TRUE.BK,ok,2612,2016-01-04,2026-09-28,2,79,6,False,False,10.73,ab0114764bea3c2acb8ca3b22730d1fe19c0d7ffa5dd58081e6e90f4b6e98705,2026-09-29T06:34:23.674471+00:00,
TTB,TTB.BK,ok,2612,2016-01-04,2026-09-28,2,68,6,False,False,10.73,eee3d4a0fc83918305fc8d179d166fe26ab281b4d548c0979bd0f2878f60d7e4,2026-09-29T06:34:24.202511+00:00,
TU,TU.BK,ok,2612,2016-01-04,2026-09-28,2,73,6,False,False,10.73,2f3898fbfc50d54a494df0df9203deaf0a17d32ddb0898a0f0fca552c888ae55,2026-09-29T06:34:24.711031+00:00,
VGI,VGI.BK,ok,2613,2016-01-04,2026-09-28,1,44,6,False,False,10.73,5a177ea660bb3092677c3fcb1594ec6587b627da39edfe1352abf4d18cc6b9b8,2026-09-29T06:34:25.199555+00:00,
WHA,WHA.BK,ok,2612,2016-01-04,2026-09-28,2,47,6,False,False,10.73,8e56b987f7f9a2e79f8a680d7e5d5c719604068d8f67307e0b2ceeb5481ab177,2026-09-29T06:34:25.676453+00:00,
WHAUP,WHAUP.BK,ok,2296,2017-04-10,2026-09-28,9,30,6,True,False,9.47,6aa3ad976ad3e8c4023e51123993d1f3ed1a73db40741b3158ac23c6cceabdd5,2026-09-29T06:34:26.098946+00:00,
