year,Candidate,Original_at_100k,Fractional_price_basket,SET100_price
2017,0.5554902383177405,0.19457854461434843,0.16277035713617205,0.16751992101331492
2018,-0.15829175598549394,-0.07126298966750122,-0.12838782192062903,-0.09829419057622302
2019,0.07698810329964956,0.09957494345083906,0.07547882174739184,0.021411924355485557
2020,0.7350109269409555,0.18152081016033605,0.04572278441246325,-0.13029574632505192
2021,0.9674228190809071,0.393498781774549,0.2580606720638461,0.11199142869766265
2022,-0.03474224791463876,-0.03909897548790098,-0.014335414674184643,-0.0031874129504060322
2023,-0.08978259214785111,-0.08342354350582293,-0.15253944492125449,-0.1413278980543281
2024,0.029754859898054598,0.06272949624851543,0.0286993398195452,0.010810643532439768
2025,0.04396393468627813,-0.060117107914703594,-0.14643975518989905,-0.08747876047943925
2026,0.46310183157270424,0.33533213601771816,0.382795092433899,0.29604383929320344
