month,Candidate,Original_at_100k,Fractional_price_basket,SET100_price
2017-01,0.0,0.0,0.010683085551756566,0.020645582830037146
2017-02,0.0,0.00030381231742815373,-0.005539670276047071,-0.006850609351131132
2017-03,0.0391035293874582,-0.004473371174072649,0.013240782255462769,0.016599349463042312
2017-04,-0.03397159750507639,-0.015520480009026394,-0.005921065276712767,-0.0029493712432006047
2017-05,0.05720615328268597,-0.007444321078791338,-0.00016110081606535154,-0.005527310586426859
2017-06,0.0615325408100138,0.019940474662663688,0.015276618562716893,0.007130648181801202
2017-07,-0.009782839362511897,-0.009303325773952209,-0.003948819404517523,0.004082205348299617
2017-08,0.06452439458855208,0.019101492765787542,0.029226029337070747,0.030382828194008393
2017-09,0.05748956462703059,0.05275370527154388,0.04026786952475048,0.03548958813966441
2017-10,0.08979529049504675,0.0645312795513795,0.04691945556120514,0.02795576544274092
2017-11,0.0565204974050495,0.019244933026242528,-0.011674949713404548,-0.010691009256569184
2017-12,0.07582236782727136,0.04369019763615767,0.025398954587888545,0.04137954898178986
2018-01,-0.0818467850229685,0.04521936030512319,0.029647972934638167,0.04211027407276702
2018-02,-0.0012253371463402107,-0.011275965320949877,-0.018324970293532306,0.008241018811661949
2018-03,-0.05636001443462835,-0.05480068162175389,-0.04223145131262518,-0.02998869764708989
2018-04,0.0161650824789219,0.0005267397584889366,0.004658945797234804,0.005629157431252807
2018-05,0.0,-0.017061763461601154,-0.021223869437526188,-0.03203182848833852
2018-06,0.0,-0.007150144676727144,-0.07036173331545914,-0.08012742867561384
2018-07,0.0,8.045435855996708e-05,0.05282685069701243,0.07536555720109472
2018-08,0.0,0.0007011808209149706,0.019749936179222383,0.01162385354184936
2018-09,0.0,0.014624046812327096,0.03333683847476343,0.021233909234218196
2018-10,-0.042787630377190355,-0.04525243685445923,-0.05027927819575739,-0.05238625274356645
2018-11,0.0,0.004814334493777883,-0.015371918004556617,-0.01394436986346237
2018-12,0.0,-0.0003926833613501213,-0.050643115710073294,-0.0481900290966748
2019-01,0.0,0.0008848235914926672,0.04295707779261004,0.051519506193793196
2019-02,0.0,1.2194718272073857e-05,0.01145249240181112,0.005768750648004195
2019-03,0.0,0.0009031198455158318,-0.004990239354435322,-0.009735399302948866
2019-04,0.044484097966047687,0.030463028260943492,0.03593820933196268,0.023530678103724556
2019-05,-0.005933123502356419,-0.002816391828136755,-0.021107739932391234,-0.03292840561546895
2019-06,0.008260510423601986,0.04858152223118184,0.059561639451258586,0.07113645625225229
2019-07,-0.01780209038743341,0.03536043273209599,0.005174047814173743,-0.015890221583366504
2019-08,0.029407742887141763,0.015168925742988781,-0.017102187789464485,-0.03285234818977101
2019-09,-0.024865092203961492,-0.04825721540440264,-0.015827283610481135,-0.009325504626708447
2019-10,0.04344502634631908,0.013488017917968609,-0.007307551958185665,-0.018006197080763342
2019-11,0.0,0.005085384838160234,0.0028309038682223786,-0.0035162726864802485
2019-12,0.0,-0.00031633228529970303,-0.014845738554028265,-0.003026450078046028
2020-01,0.0,-0.00015505736788357094,-0.03519874861500838,-0.04977773128797158
2020-02,0.0,-0.00048104901082368645,-0.10457889349916616,-0.11518592054412158
2020-03,0.0,-0.0007950975170567531,-0.17185086578120268,-0.16277688065567775
2020-04,0.0,0.0011461132673959984,0.18247908537440338,0.16051337105979813
2020-05,0.0,0.00022149273340077436,0.05802038815748345,0.03201714270781619
2020-06,-0.030103417483958284,-0.018855919443883207,0.0012506588322362955,-0.00790029423531724
2020-07,0.22513577800006068,0.07370927871479238,0.024004364441952086,-0.01880026135650148
2020-08,0.04555945182405052,0.024463646007320428,-0.003542159329211647,-0.01751141841495496
2020-09,-0.045722962855554106,-0.02466804651115917,-0.035965200452122925,-0.07191345603965016
2020-10,0.003485432425801571,0.0153259867085338,-0.005069077151618195,-0.03993244746706526
2020-11,0.21119686020309048,0.0553996590164898,0.13821598451399209,0.20557787391841797
2020-12,0.2040472992949185,0.04755910053108292,0.04746966954013465,0.004130825918714276
2021-01,0.13665289598411312,0.11503803498791787,0.05554528121861724,0.011595263692729008
2021-02,0.11230580046437644,0.04046346730410644,0.02718247895828707,0.0217601738170079
2021-03,0.1268979650010591,0.09200664420592419,0.06641514596468512,0.046578278690471375
2021-04,0.09694145300732804,0.05944652790516991,0.019367809922582246,-0.013632530376639362
2021-05,0.13487019585964588,0.02258618770961096,0.03836362182240016,0.007485553388052679
2021-06,0.035720983555041164,0.00020638722547827726,-0.008739666585521277,-0.00568543102306629
2021-07,0.017230085807484752,-0.013484180394883416,-0.026013405430920233,-0.04503664815616071
2021-08,-0.06015372831521004,0.0015195810171193536,0.054745564908702304,0.08439940748720698
2021-09,-0.05039178102021369,-0.006401063948574315,-0.05611935655092104,-0.026761088714148284
2021-10,0.06868813357545589,0.017948903006868022,0.016384859671640273,0.01190290927042148
2021-11,0.04573065230874218,-0.05030297327385558,-0.009502911366977118,-0.03661255094458593
2021-12,0.055594991438504104,0.0695732519329646,0.06231556554356099,0.058857029332709976
2022-01,-0.035954670158511504,-0.005871063482155492,-0.034688467294730185,-0.0023309612712107963
2022-02,0.0055385425209228956,0.0011086898731953454,0.021997241246924037,0.020107351722540523
2022-03,-0.02441538270675636,0.008479313807574052,0.011957750625024355,0.0035309196323756176
2022-04,0.06920058280455033,-0.008125177289142083,-0.004746985974384721,-0.027162734605309602
2022-05,-0.04749072339017457,-0.030739886151323614,-0.006521289036055089,0.013254080508744881
2022-06,-0.0010587054588184763,-0.02500711130184441,-0.06798744871817985,-0.053353504790720874
2022-07,0.0,-0.0006613774971933051,0.009141009877174477,0.004349632662892677
2022-08,0.0,0.00210689130279329,0.03087037151355787,0.03970173186151138
2022-09,0.0,0.0035828065382039753,-0.041146606496402005,-0.045802373294887344
2022-10,0.0,-0.0002893543956471456,0.0028430004925636965,0.02276615527661563
2022-11,0.0,-0.0024308740019997055,0.037849566605155704,0.015027477647422405
2022-12,0.0032607224719625183,0.01904135737696455,0.031953782184324986,0.01115520167664541
2023-01,-0.04634051971178321,0.013550542452157588,0.00039485803591809976,-0.007865576935860763
2023-02,0.004814545742891196,-0.0011942748236978273,-0.02422562682828111,-0.029930631910410455
2023-03,-0.0301881813390944,-0.01167930146522067,-0.006389747696392001,0.00217207448114376
2023-04,-0.02055868177720732,-0.031472653508676895,-0.07629227179493503,-0.05428298302073242
2023-05,0.0,-0.02083026431281143,0.015518721619108167,0.00011662289423952643
2023-06,0.0,0.015191126617689621,-0.032112037326956666,-0.009709398665479041
2023-07,0.0,-0.0005142113984214491,0.036977710478911296,0.04645389166956715
2023-08,0.0,0.0019004042251913322,0.032726619270028845,-0.0004871102011642092
2023-09,0.0,-0.03421764269909655,-0.06388785277483122,-0.05977249332006174
2023-10,0.0,-0.014224139759372978,-0.07895885368247746,-0.05489865433244001
2023-11,0.0,-0.002067870003396255,-0.0011185658011795274,-0.0036869502731139425
2023-12,0.0,0.0001544310885734923,0.043420399536488574,0.026411692611289617
2024-01,0.0,-0.0013511214986251519,-0.04244119729456086,-0.04632175074658429
2024-02,0.0,0.0008128425593187938,-0.009997696109981247,0.0023634141328920943
2024-03,0.0,-0.00015143881010415416,0.0050216172741488485,0.009393597677768817
2024-04,0.0,-0.0002536237599717328,-0.009599943722427895,-0.007723968355783595
2024-05,0.0,0.002408553585765194,0.0078076700820288725,-0.015977644301990335
2024-06,0.0,0.004236796630409323,-0.03472217532897215,-0.030026935606311755
2024-07,0.0,-0.018705815005269355,0.0003403398566867999,0.022801155860574296
2024-08,0.0,0.00021587740098749642,0.03220969337331692,0.030713371297399927
2024-09,0.0,0.0006523661118662538,0.07410517858397792,0.07029819583489472
2024-10,0.01697640131479128,0.044998963876687004,0.027178900271543238,0.018812430910209565
2024-11,0.016857726385884675,0.01726718102546676,-0.009191686472620919,-0.02507830834339797
2024-12,-0.0042214153262444265,0.012103665888065551,-0.007175474787144309,-0.013068176095561324
2025-01,0.0,-0.0015251937809884764,-0.10426258071737615,-0.061475974466651984
2025-02,0.0,-0.0005699088477858494,-0.08762247362968945,-0.09749851846616397
2025-03,0.0,-0.000750053942332296,-0.06314375955987794,-0.04044024626802745
2025-04,0.0,-2.8634628319923472e-05,0.05378854269369904,0.0434566971152337
2025-05,0.0,-0.0012078409389423284,-0.04168643098640157,-0.040816572105867976
2025-06,0.0,-0.0002853891140488507,-0.06043124160726587,-0.05119085702815784
2025-07,0.0,0.0008749579706710531,0.1734817204975374,0.15374647961814625
2025-08,0.0,0.0009679701392433238,0.0008350153887948242,-0.007758512015952457
2025-09,-0.027168469767019143,-0.008393903980805306,0.030587090351526847,0.025149569194520716
2025-10,0.06664817094889863,-0.010423958920683596,0.0477635480212486,0.02887578231062582
2025-11,0.005076702144710898,-0.038757481854295284,-0.055720477885629394,-0.035325357934791524
2025-12,0.0009847441545298707,-0.0010355927968070944,-0.01886475600893145,0.014994920343032847
2026-01,0.0,0.00015544737450667867,0.06256367256400219,0.053736684653451716
2026-02,0.0,0.03870819561976924,0.18038316441025737,0.15791875613574247
2026-03,0.09852730383885477,0.003009715730108331,-0.0704997229416775,-0.05134644644461139
2026-04,0.027932890275858657,0.038486601629135864,0.06932721108755624,0.0068309178743961585
2026-05,0.05986356552483807,0.03772028758573498,0.07295778677501219,0.040381164413139325
2026-06,0.08516009377962264,0.04206991295918061,0.016708014731285692,0.028017340773878185
2026-07,0.08712630643748365,0.04052179708610626,0.009387094084676972,0.04441353940019299
2026-08,0.030409589458217035,0.0798721079412259,-0.0003303985382238084,-0.007895019436867767
2026-09,0.005692617215260709,0.015597281485664194,0.0076891915286185775,0.003511324128555149
