phase,candidate,ranking,top_n,rebalance,daily_exit,total_return,cagr,max_drawdown,sharpe_rf0,fills,turnover_initial_capital,fees_fraction_initial_capital,mean_exposure,max_single_weight,sessions,halted,mean_positions,excluded_gross_dividend_entitlements_thb,ending_odd_lot_value_thb,ending_cash_thb,scenario,period,benchmark_cagr,benchmark_total_return,benchmark_drawdown,excess_cagr,label,reused_existing_evaluation,start,end
0,60ee10de14d6268a,high_proximity,3.0,42.0,3.0,5.651537293849958,0.2149906954276805,-0.1661626975494482,1.3635126766810972,216,135.80948908080532,0.2281463607068448,0.4184024975184648,0.5092890994485282,2365,False,1.4976744186046511,36162.0647,0.0,101643.73754844784,base,full,0.0392438702478266,0.4543414316491119,-0.4015950142279634,0.1757468251798539,phase_0,True,,
1,,,,,,1.534187773843867,0.10027977117480535,-0.23898569147842952,0.7720588158138436,222,78.18489774787601,0.13134280972665688,0.43970394127550955,0.3869179110437013,2365,False,1.6059196617336151,18271.99768028169,0.0,57618.7804361445,,,0.03924387024782661,0.4543414316491119,,0.06103590092697875,phase_1,,2017-01-04,2026-09-28
2,,,,,,1.8671781694803165,0.11432869778645016,-0.2991004436027813,0.7726871194741821,239,78.47769094343369,0.13183467301587426,0.467699719650117,0.5767914189391955,2365,False,1.7238900634249472,33381.49798028169,0.0,66742.81694803169,,,0.03924387024782661,0.4543414316491119,,0.07508482753862356,phase_2,,2017-01-04,2026-09-28
3,,,,,,3.5792349879315326,0.16925893471530884,-0.2043921078213381,1.0404038668222817,241,132.24080765544178,0.22215133278037666,0.4570018595847961,0.5342845054799245,2365,False,1.6456659619450318,59379.504271830985,0.0,100503.50098183582,,,0.03924387024782661,0.4543414316491119,,0.13001506446748223,phase_3,,2017-01-04,2026-09-28
4,,,,,,0.5900085083452149,0.04881316099156474,-0.28014412756844786,0.4114479865661974,227,57.53589278308979,0.09665454628631252,0.45286055257603275,0.41657310685798515,2365,False,1.6465116279069767,13867.856277464789,0.0,34065.85158315583,,,0.03924387024782661,0.4543414316491119,,0.009569290743738135,phase_4,,2017-01-04,2026-09-28
5,,,,,,2.03284102587005,0.12078013032658763,-0.20698222278600786,0.844222143074932,221,97.52414501526809,0.16383081121114884,0.4424470189023083,0.550466340284231,2365,False,1.6181818181818182,32656.458,0.0,51346.10383917941,,,0.03924387024782661,0.4543414316491119,,0.08153626007876102,phase_5,,2017-01-04,2026-09-28
6,,,,,,2.476861409692574,0.13662879033766195,-0.28088805491420554,0.8321754608885632,232,120.64898017554195,0.20267822179689293,0.45221464649627185,0.4740698072195125,2365,False,1.6274841437632135,27875.895,0.0,82426.14531801228,,,0.03924387024782661,0.4543414316491119,,0.09738492008983535,phase_6,,2017-01-04,2026-09-28
7,,,,,,2.462317778686775,0.13613924458380167,-0.21269845568215529,0.9545163785952052,202,93.1922479056528,0.1565536572567061,0.4468785823822569,0.5224938010918968,2365,False,1.6059196617336151,32860.7183,0.0,61741.78317587508,,,0.03924387024782661,0.4543414316491119,,0.09689537433597506,phase_7,,2017-01-04,2026-09-28
8,,,,,,3.3862209693355947,0.16409552733680433,-0.20223551484581015,1.0364302287031228,219,103.93031096457626,0.17459252938939168,0.46834002220454807,0.5173203816024855,2365,False,1.6871035940803383,42558.779500000004,0.0,97422.09903164295,,,0.03924387024782661,0.4543414316491119,,0.12485165708897772,phase_8,,2017-01-04,2026-09-28
9,,,,,,1.8082567552077151,0.11195326677254047,-0.1485524521019942,0.7831299591355212,227,81.29870821137928,0.13657369992429605,0.4667921019431581,0.5048302949509947,2365,False,1.690909090909091,28438.2178,0.0,81670.67903029299,,,0.03924387024782661,0.4543414316491119,,0.07270939652471387,phase_9,,2017-01-04,2026-09-28
10,,,,,,0.8909561196484654,0.06766492299218108,-0.24194785236072458,0.5022545825414314,224,75.84954106622885,0.12741964403715786,0.4500961450947025,0.4524698665501898,2365,False,2.5890063424947147,31002.071555208335,14.313858272374079,45741.30215015331,,,0.03924387024782661,0.4543414316491119,,0.02842105274435447,phase_10,,2017-01-04,2026-09-28
11,,,,,,1.2252741591269696,0.08567824290345971,-0.34411166052808373,0.5886013729140447,217,81.13040871311362,0.13629097359715958,0.4466156171478936,0.47206791261971875,2365,False,2.574630021141649,25127.251355208333,14.313858272374079,45298.10457212478,,,0.03924387024782661,0.4543414316491119,,0.046434372655633105,phase_11,,2017-01-04,2026-09-28
12,,,,,,1.4857071450479697,0.0980977344743792,-0.21366948270071306,0.6727623833565486,232,103.35941167694848,0.17363347567610574,0.4658720299094002,0.4469578068069094,2365,False,1.663002114164905,35962.38504507042,0.0,51855.71845300862,,,0.03924387024782661,0.4543414316491119,,0.05885386422655259,phase_12,,2017-01-04,2026-09-28
13,,,,,,0.716839677753484,0.05711815996509517,-0.3037038850534005,0.4608897376881712,236,71.45851599982907,0.12004316102811284,0.45751059892274487,0.4841727351619812,2365,False,1.6706131078224102,27537.4077,0.0,29667.967552188595,,,0.03924387024782661,0.4543414316491119,,0.017874289717268566,phase_13,,2017-01-04,2026-09-28
14,,,,,,0.6927429132291045,0.055583628936366036,-0.29758503816272885,0.41492984725376114,234,71.56775524640895,0.12022667203844241,0.4577492108289136,0.4320291507197705,2365,False,1.6756871035940804,29914.274,0.0,41184.29410287111,,,0.03924387024782661,0.4543414316491119,,0.01633975868853943,phase_14,,2017-01-04,2026-09-28
15,,,,,,2.2214873464820375,0.12775233273902153,-0.196171712970045,0.7247197311820835,230,111.82411803610489,0.18785333588885253,0.4601340435826013,0.5277539531387382,2365,False,2.2076109936575055,41597.87944898572,17.225000000000016,75806.50964820376,,,0.03924387024782661,0.4543414316491119,,0.08850846249119493,phase_15,,2017-01-04,2026-09-28
16,,,,,,0.5073703665829381,0.04307596528945967,-0.28274571060379117,0.3364351104075399,239,65.36832431667685,0.10981224801958546,0.4460362678367862,0.4389263477337445,2365,False,2.767864693446089,18073.693153750217,363.58362027697086,23763.454335013907,,,0.03924387024782661,0.4543414316491119,,0.0038320950416330657,phase_16,,2017-01-04,2026-09-28
17,,,,,,2.582788987429121,0.1401399438487816,-0.1843888722518059,0.8416422553419736,227,107.05416460877225,0.17984029112627653,0.45693226233248074,0.5209499146769792,2365,False,1.651585623678647,35447.8573,0.0,64243.9008028486,,,0.03924387024782661,0.4543414316491119,,0.10089607360095498,phase_17,,2017-01-04,2026-09-28
18,,,,,,1.250566517937449,0.08693999929156382,-0.40960493020275923,0.5847252371819213,235,97.59343334510554,0.16394720867644277,0.4497772570845391,0.49423888200394844,2365,False,1.6418604651162791,27114.4089,0.0,50886.652289655554,,,0.03924387024782661,0.4543414316491119,,0.04769612904373721,phase_18,,2017-01-04,2026-09-28
19,,,,,,0.1874493470819696,0.01781373427428412,-0.35274392426709955,0.2018938551931341,258,63.52576443793809,0.1067169316792922,0.43926470648205995,0.442579350167853,2365,False,2.5712473572938688,19158.758421596245,205.79029733959715,52089.14441085737,,,0.03924387024782661,0.4543414316491119,,-0.021430135973542486,phase_19,,2017-01-04,2026-09-28
20,,,,,,0.5564059579569915,0.04651332348729009,-0.4474420388752025,0.379179324368414,238,75.33341062616944,0.126552596510902,0.43119412743674623,0.45186876860154546,2365,False,2.133615221987315,25035.378872727273,35.69169854929278,35529.9047647219,,,0.03924387024782661,0.4543414316491119,,0.007269453239463486,phase_20,,2017-01-04,2026-09-28
21,60ee10de14d6268a,high_proximity,3.0,42.0,3.0,1.309251043135129,0.0898192737139444,-0.2323012983692235,0.6180644062952855,244,76.55249572282054,0.1286005375647662,0.4369764250583868,0.4492310193915622,2365,False,2.5078224101479916,30935.756221596243,205.79029733959717,37458.31366903588,phase_half,full,0.0392438702478266,0.4543414316491119,-0.4015950142279634,0.0505754034661178,phase_21,True,,
22,,,,,,0.7728118851790591,0.06060932273020292,-0.34939868904212434,0.4524840050833121,245,82.66691930568356,0.1388721577416178,0.4411056376947703,0.4542711504187648,2365,False,1.5961945031712474,21389.6584,0.0,45756.18851790592,,,0.03924387024782661,0.4543414316491119,,0.021365452482376313,phase_22,,2017-01-04,2026-09-28
23,,,,,,0.49629708179593024,0.0422858676033413,-0.581284791879374,0.3302391659573217,241,79.265770311975,0.13315856754708685,0.4384076573445976,0.41220231823111814,2365,False,1.6105708245243129,21746.9728,0.0,42819.7064248323,,,0.03924387024782661,0.4543414316491119,,0.0030419973555146917,phase_23,,2017-01-04,2026-09-28
24,,,,,,1.2302191639591773,0.08592594208447424,-0.38719965482349583,0.591833046574839,245,92.58136202022429,0.1555274300577748,0.43352457239797904,0.40596552982839595,2365,False,1.5733615221987316,25432.8807,0.0,53578.91622234901,,,0.03924387024782661,0.4543414316491119,,0.04668207183664763,phase_24,,2017-01-04,2026-09-28
25,,,,,,1.442462351960431,0.09611889065280765,-0.3100789278247157,0.6611019274404344,241,99.39267124147533,0.16696974841855444,0.4450927650181264,0.400232512579075,2365,False,1.591120507399577,27999.4048,0.0,48606.236378599235,,,0.03924387024782661,0.4543414316491119,,0.05687502040498105,phase_25,,2017-01-04,2026-09-28
26,,,,,,0.5321058236755836,0.04482224095990772,-0.33854162292010836,0.3527836898799292,220,65.82914324027476,0.11058637772933758,0.3931092636871931,0.4766152396706062,2365,False,1.457505285412262,14739.658,0.0,33228.58215965735,,,0.03924387024782661,0.4543414316491119,,0.0055783707120811155,phase_26,,2017-01-04,2026-09-28
27,,,,,,2.038988872059126,0.12101340734620858,-0.22494764434189018,0.7829533905439334,234,96.32699648938163,0.1618197214025122,0.42327215051557265,0.4215287670035869,2365,False,1.549260042283298,30276.5952,0.0,65358.88652880388,,,0.03924387024782661,0.4543414316491119,,0.08176953709838197,phase_27,,2017-01-04,2026-09-28
28,,,,,,0.8488481425271712,0.0651967865503913,-0.3388244392732266,0.5495848983619759,222,65.07984956107805,0.10932763927765503,0.41834992509415636,0.39322357403749314,2365,False,1.5403805496828753,21546.2576,0.0,41294.81386171066,,,0.03924387024782661,0.4543414316491119,,0.025952916302564688,phase_28,,2017-01-04,2026-09-28
29,,,,,,0.9972477055681686,0.0736824335700017,-0.2727949256945238,0.5113108728447596,221,69.29151514688016,0.11640281629524402,0.4224947744491326,0.43768929380792854,2365,False,1.5450317124735728,22447.44439349296,0.0,42029.770146736904,,,0.03924387024782661,0.4543414316491119,,0.0344385633221751,phase_29,,2017-01-04,2026-09-28
30,,,,,,1.2842684339789576,0.08860165568398859,-0.26595010088406645,0.6011941135847314,226,77.1478354057521,0.12960064869812302,0.43141820821784854,0.4174823730242601,2365,False,2.525581395348837,20246.53537070129,14.313858272373523,51711.52903989804,,,0.03924387024782661,0.4543414316491119,,0.04935778543616198,phase_30,,2017-01-04,2026-09-28
31,,,,,,0.4521341942863597,0.03908166353966824,-0.2682445892097427,0.345379641356403,238,64.08132131566911,0.10765021167819261,0.44719466546742365,0.40688076953209645,2365,False,1.6439746300211417,23469.8808,0.0,34153.41917591228,,,0.03924387024782661,0.4543414316491119,,-0.00016220670815836336,phase_31,,2017-01-04,2026-09-28
32,,,,,,1.35815423149204,0.0921689205203493,-0.25573933331861776,0.7090571876062126,241,89.40847692450221,0.15019730038547127,0.4310194087474102,0.4025468836154587,2365,False,2.5577167019027485,20172.710855208334,14.313858272372965,61681.110406730586,,,0.03924387024782661,0.4543414316491119,,0.0529250502725227,phase_32,,2017-01-04,2026-09-28
33,,,,,,2.1252070220221113,0.12424107392272421,-0.1814282443114763,0.8487197999811024,236,96.29966562350539,0.1617738082809267,0.434323137330895,0.4177195752096525,2365,False,2.5386892177589853,37280.12985520833,14.313858272372965,49366.38475812334,,,0.03924387024782661,0.4543414316491119,,0.0849972036748976,phase_33,,2017-01-04,2026-09-28
34,,,,,,1.1038219050051006,0.07943407798639912,-0.2493821770882111,0.5623010182391402,225,58.489423613896015,0.09825638272898392,0.3889329831270067,0.5038264739436682,2365,False,2.4012684989429176,14205.271955208333,14.313858272372965,48467.87664223771,,,0.03924387024782661,0.4543414316491119,,0.040190207738572514,phase_34,,2017-01-04,2026-09-28
35,,,,,,4.874344987199257,0.19957425146648555,-0.21569028133665735,1.1669423311994471,233,135.34842092856925,0.2273718123179036,0.4336584629333631,0.4681273848079685,2365,False,1.5780126849894291,41667.5227,0.0,135244.50524305803,,,0.03924387024782661,0.4543414316491119,,0.16033038121865895,phase_35,,2017-01-04,2026-09-28
36,,,,,,0.645094675648149,0.05249070276785095,-0.23953093215039034,0.47541541488739375,215,60.296376661527475,0.10129188315370002,0.3931220442884914,0.3964333876952538,2365,False,1.4549682875264272,17180.7988,0.0,51184.467564814884,,,0.03924387024782661,0.4543414316491119,,0.013246832520024343,phase_36,,2017-01-04,2026-09-28
37,,,,,,1.5696874107203271,0.10185392539759652,-0.25036307970278227,0.6826906826666763,224,88.87203459181971,0.149296130910798,0.42398727224784954,0.43375102849557934,2365,False,2.0676532769556024,24330.671999204762,42.35833333333179,63426.38559972233,,,0.03924387024782661,0.4543414316491119,,0.06261005514976992,phase_37,,2017-01-04,2026-09-28
38,,,,,,1.5041768103042679,0.09893349060586676,-0.23806139102408963,0.6969238872163616,222,71.44160845701656,0.1200147580469421,0.42024032052290805,0.5266172331655784,2365,False,1.53615221987315,13854.106600000001,0.0,57499.683193360135,,,0.03924387024782661,0.4543414316491119,,0.05968962035804015,phase_38,,2017-01-04,2026-09-28
39,,,,,,1.5984130369113587,0.10311348278515253,-0.22167118108379247,0.729145231554542,246,79.82632939070625,0.13410025074344742,0.431759770465753,0.5171638628008739,2365,False,2.1353065539112053,26476.350350895234,42.35833333333256,60668.94829511945,,,0.03924387024782661,0.4543414316491119,,0.06386961253732593,phase_39,,2017-01-04,2026-09-28
40,,,,,,0.8977596586509096,0.06805907273032097,-0.24338708280247434,0.5538296389633734,227,65.85180927532753,0.11062445440162269,0.4149422691038195,0.41724519305979674,2365,False,1.5099365750528542,25502.060292957747,0.0,48935.96800132144,,,0.03924387024782661,0.4543414316491119,,0.028815202482494362,phase_40,,2017-01-04,2026-09-28
41,,,,,,2.910358436829436,0.15043742106644764,-0.24837707365590744,1.0228856596169547,217,105.67898641889558,0.17753012928510267,0.42659481146029027,0.39764101839786214,2365,False,1.5437632135306554,35828.54786995305,0.0,95995.85268562913,,,0.03924387024782661,0.4543414316491119,,0.11119355081862103,phase_41,,2017-01-04,2026-09-28
