candidate,family,total_return,cagr,max_drawdown,sharpe_rf0,fills,turnover_initial_capital,fees_fraction_initial_capital,mean_exposure,max_single_weight,sessions,excess_cagr,benchmark_cagr,scenario,period
a3cb4f26da87373e,downside_momentum,2.396745294770599,0.13390887007143326,-0.22633709591174822,0.9114943008989211,1100,165.6625087924667,0.2782964485204648,0.6635999662903687,0.2345539434071364,2370,0.06025707211446196,0.0736517979569713,delay,full
a3cb4f26da87373e,downside_momentum,0.15699549125899193,0.054763387285247545,-0.22633709591174855,0.4806677350317735,255,17.659328397610135,0.029665905775145274,0.5474404216127318,0.1677543350839565,671,-0.022268596696009224,0.07703198398125677,delay,confirmation
a3cb4f26da87373e,downside_momentum,1.3325446515209776,0.09094397107332708,-0.3310277812882957,0.695501628438189,1078,126.60584995470705,0.21268516733891238,0.642277016356909,0.2135214797571898,2370,0.03902528127519389,0.05191868979813319,exclude_DELTA,full
a3cb4f26da87373e,downside_momentum,0.1717820288243641,0.059672044567328886,-0.23700745917668886,0.5211519966727792,245,16.88107868902781,0.028358524089697818,0.5337414210153815,0.2135214797571897,671,-0.011287692609720956,0.07095973717704984,exclude_DELTA,confirmation
a3cb4f26da87373e,downside_momentum,2.7174745292752713,0.14447222356317124,-0.18742841252305775,0.9710148103408518,1117,160.1935531088628,0.2691091498675785,0.6772652621509017,0.22725103706388652,2370,0.07042304693930057,0.07404917662387067,exclude_THAI,full
a3cb4f26da87373e,downside_momentum,0.35675248451321995,0.11800642088066016,-0.18742841252305753,0.9114820329643255,259,19.812795316952716,0.033283514852948864,0.5644735460076602,0.20899810015980688,671,0.039705388712822476,0.07830103216783768,exclude_THAI,confirmation
f4f96d173a82b60a,multi_horizon,2.9037952620883973,0.1502388296700261,-0.12930224049388472,1.1787867594749175,2051,129.33629539462714,0.21727204263343414,0.6509284352738677,0.12984097862081942,2370,0.07658703171305481,0.0736517979569713,delay,full
f4f96d173a82b60a,multi_horizon,0.5425265247286153,0.1717117708998106,-0.08133728319901468,1.4251976985010395,465,16.181732540997967,0.027183692495622473,0.5302818160089392,0.08930210676626786,671,0.09467978691855383,0.07703198398125677,delay,confirmation
f4f96d173a82b60a,multi_horizon,1.8115208571268049,0.11208602452333372,-0.14926896576284776,0.9563839359104686,2016,107.53437645254827,0.18064699900263595,0.6260139474820287,0.12254166250705519,2370,0.06016733472520053,0.05191868979813319,exclude_DELTA,full
f4f96d173a82b60a,multi_horizon,0.4587841445129568,0.14804175251595542,-0.0829686989403502,1.292890682166879,446,14.86042631405349,0.024964030164978463,0.4999153561234692,0.12254166250705516,671,0.07708201533890557,0.07095973717704984,exclude_DELTA,confirmation
f4f96d173a82b60a,multi_horizon,2.8769426643526197,0.14942317930244786,-0.11854784028474907,1.1730326454712843,2078,126.44187367482361,0.21240970358633623,0.6580658432947231,0.12534038623834018,2370,0.07537400267857719,0.07404917662387067,exclude_THAI,full
f4f96d173a82b60a,multi_horizon,0.5951649709117368,0.18617535309385524,-0.086653839728562,1.5411902497209742,467,16.442120966957376,0.027621119012391702,0.5249243132722382,0.12145036433688076,671,0.10787432092601756,0.07830103216783768,exclude_THAI,confirmation
8052992d1be308f6,volume_flow,2.215371253019819,0.12753210379428426,-0.16636725230864968,1.0586684816804,1955,92.7680021334663,0.15584096678401008,0.6511285376071331,0.13010770961210438,2370,0.05388030583731296,0.0736517979569713,delay,full
8052992d1be308f6,volume_flow,0.4767299304632828,0.15318535290668467,-0.07830068216439989,1.3832842963196583,444,13.2485543173818,0.022256246397769682,0.5317096011479623,0.08848867364499159,671,0.0761533689254279,0.07703198398125677,delay,confirmation
8052992d1be308f6,volume_flow,1.4447660471635455,0.09622509539586921,-0.1904779188526462,0.8625215951153588,1915,78.62054875130134,0.1320746598473111,0.6257431282769985,0.12167734335894766,2370,0.04430640559773602,0.05191868979813319,exclude_DELTA,full
8052992d1be308f6,volume_flow,0.45879000431826444,0.14804343857981106,-0.08164738245909253,1.3514062941770901,420,12.206391090587514,0.02050551639307797,0.499778103513087,0.12167734335894764,671,0.07708370140276122,0.07095973717704984,exclude_DELTA,confirmation
8052992d1be308f6,volume_flow,2.232269535301548,0.1281396669316721,-0.14769952199034375,1.060112663544093,1980,90.50264545564214,0.1520353941009332,0.6582294913691707,0.12549086660804776,2370,0.05409049030780144,0.07404917662387067,exclude_THAI,full
8052992d1be308f6,volume_flow,0.5649358516377148,0.1779069173809411,-0.0780353840502559,1.591013806741598,443,13.542590238703932,0.02275019734199873,0.5263243686974844,0.1206115699102985,671,0.09960588521310343,0.07830103216783768,exclude_THAI,confirmation
f397049c64b94cab,consistent_trend,2.1675338475356893,0.12579648396588894,-0.1709876565711166,0.9725060725421675,2019,117.80131242392547,0.1978944247409524,0.6538982144703754,0.12876733623636247,2370,0.05214468600891764,0.0736517979569713,delay,full
f397049c64b94cab,consistent_trend,0.26806681745868177,0.0907127159523331,-0.17035712289037241,0.7257697389886758,472,14.789407052566455,0.024844724907606384,0.5362108498479082,0.08905324787309932,671,0.013680731971076332,0.07703198398125677,delay,confirmation
f397049c64b94cab,consistent_trend,1.1661867197012046,0.08267966142738437,-0.2931362708437041,0.7059385413882903,1979,94.22980170634138,0.15829664388648287,0.6279095980752701,0.12138488492309567,2370,0.030760971629251177,0.05191868979813319,exclude_DELTA,full
f397049c64b94cab,consistent_trend,0.21697172041143742,0.07443433294575952,-0.19446322530379934,0.62537253370706,455,13.736275784658606,0.023075569690647994,0.5116756502950608,0.12138488492309563,671,0.0034745957687096762,0.07095973717704984,exclude_DELTA,confirmation
f397049c64b94cab,consistent_trend,2.2499625728932755,0.1287727583087459,-0.15947716396608203,0.9918369829381313,2047,116.22560098367663,0.19524738709247833,0.6634409653578661,0.12448457454768358,2370,0.05472358168487523,0.07404917662387067,exclude_THAI,full
f397049c64b94cab,consistent_trend,0.35415038589367853,0.11722198661717287,-0.15947716396608203,0.9049702622514744,475,15.21008163466307,0.025551416138070483,0.5395604667128069,0.119101071302577,671,0.03892095444933519,0.07830103216783768,exclude_THAI,confirmation
f117da1d036202b8,momentum,2.1788396297516655,0.12620878806035418,-0.18327628504588966,0.9775891591710988,2038,121.67015047077437,0.20439368577585385,0.6539420216501106,0.12876733623636244,2370,0.05255699010338288,0.0736517979569713,delay,full
f117da1d036202b8,momentum,0.26051191642856253,0.08833234651343558,-0.16231391967965347,0.7143103694879362,473,14.783278803603327,0.024834430062173236,0.5362183994603517,0.0901719739905174,671,0.01130036253217881,0.07703198398125677,delay,confirmation
f117da1d036202b8,momentum,1.2208675532839428,0.08545709606083629,-0.2988649891612616,0.7261445356624702,1997,98.47373474029853,0.16542602699022754,0.6283774885147821,0.12254948236395327,2370,0.0335384062627031,0.05191868979813319,exclude_DELTA,full
f117da1d036202b8,momentum,0.2215562416651511,0.07591241970846574,-0.18667471791607793,0.6351831518980248,453,13.583560153523868,0.02281902270190474,0.5131705291679864,0.12254948236395326,671,0.004952682531415897,0.07095973717704984,exclude_DELTA,confirmation
f117da1d036202b8,momentum,2.2581322424017327,0.1290640420143121,-0.15087358357177805,0.9971987828463019,2063,118.87996867939282,0.19970645938451206,0.6634789405578381,0.12448457454768355,2370,0.055014865390441425,0.07404917662387067,exclude_THAI,full
f117da1d036202b8,momentum,0.3535260122736197,0.11703361937229562,-0.15087358357177771,0.915125423831372,473,15.0284783266972,0.025246340741018624,0.5395586941212103,0.11941354483462523,671,0.038732587204457936,0.07830103216783768,exclude_THAI,confirmation
620c4137a07fc90a,momentum,2.7004474110597574,0.14393238331372427,-0.1748709726069001,1.1279862790499895,1930,89.25011761961728,0.14993127258919497,0.651085357033873,0.12981925972482683,2370,0.07028058535675297,0.0736517979569713,delay,full
620c4137a07fc90a,momentum,0.71962076909454,0.21920817178411234,-0.08896229018376822,1.7362350120005967,428,12.030991472911502,0.020210862575344036,0.5315685357797518,0.08764197342881025,671,0.14217618780285557,0.07703198398125677,delay,confirmation
620c4137a07fc90a,momentum,1.6550809780974092,0.10556204181900952,-0.19122028813636893,0.9044276968824816,1899,75.65561935445521,0.12709387495354924,0.6257455585914972,0.12108260835470698,2370,0.053643352020876334,0.05191868979813319,exclude_DELTA,full
620c4137a07fc90a,momentum,0.6367815148224796,0.19739749644062088,-0.0841278319295895,1.657153252682992,407,11.275621697469287,0.018941916889578657,0.4994369928862639,0.12108260835470698,671,0.12643775926357104,0.07095973717704984,exclude_DELTA,confirmation
620c4137a07fc90a,momentum,2.6409919356888385,0.14202972035633055,-0.15938568878035475,1.1134020561267823,1948,85.36775071070939,0.14340928441892078,0.6577398142275449,0.12512954837004725,2370,0.06798054373245987,0.07404917662387067,exclude_THAI,full
620c4137a07fc90a,momentum,0.794092287847243,0.23825364554829465,-0.08860917366850962,1.8827829718910114,423,11.977864634649663,0.020121614799747965,0.5246753169762995,0.11971930229030843,671,0.15995261338045696,0.07830103216783768,exclude_THAI,confirmation
473f8daee3b7bda0,trend_quality,1.9818084218401313,0.11882717460169645,-0.17518500768148648,0.9431603303674412,2009,109.5138898381152,0.18397238353904968,0.6538680244737711,0.12873915459054044,2370,0.04517537664472515,0.0736517979569713,delay,full
473f8daee3b7bda0,trend_quality,0.2454279021409267,0.08355251732238833,-0.17518500768148693,0.7045394197811902,461,13.53928216453376,0.022744640108200268,0.5361221490868944,0.08964183908917775,671,0.0065205333411315625,0.07703198398125677,delay,confirmation
473f8daee3b7bda0,trend_quality,1.0537604125873412,0.07676571133283594,-0.2770640030284174,0.6745332493793275,1965,88.54833742053285,0.14875235203275317,0.6287018304669357,0.12287503335414147,2370,0.02484702153470275,0.05191868979813319,exclude_DELTA,full
473f8daee3b7bda0,trend_quality,0.17042036418376227,0.05922166395212303,-0.19664865410432142,0.5364224347016933,444,12.166500059549254,0.020438503450036793,0.5145364084524718,0.12287503335414145,671,-0.011738073224926815,0.07095973717704984,exclude_DELTA,confirmation
473f8daee3b7bda0,trend_quality,2.070717418595861,0.12221064167503704,-0.16008250842553207,0.9655892012347262,2036,107.35023649359289,0.1803376622855868,0.6642220678903275,0.12445652602748601,2370,0.04816146505116636,0.07404917662387067,exclude_THAI,full
473f8daee3b7bda0,trend_quality,0.33011717506598837,0.10993125881403087,-0.16008250842553173,0.8957006119961556,462,13.500162598313205,0.022678923148906353,0.5423384933567851,0.11902854687239109,671,0.031630226646193194,0.07830103216783768,exclude_THAI,confirmation
bcdf16e650eee927,downside_momentum,2.6053427159400826,0.14087548124146299,-0.13958961264486636,1.1710526254148823,1962,99.5898644450634,0.16730101328126196,0.651156611406593,0.12981925972482683,2370,0.06722368328449169,0.0736517979569713,delay,full
bcdf16e650eee927,downside_momentum,0.5875139665838098,0.18409206934413325,-0.0691941682115127,1.6841437325453548,430,12.040995315786342,0.020227668030989476,0.5315756572688195,0.08782919346656286,671,0.10706008536287648,0.07703198398125677,delay,confirmation
bcdf16e650eee927,downside_momentum,1.6323921441495242,0.10458736401658575,-0.1675798258735275,0.946190017564476,1919,81.53979934754814,0.13697870892394615,0.6256723518157518,0.12043261129010221,2370,0.05266867421845256,0.05191868979813319,exclude_DELTA,full
bcdf16e650eee927,downside_momentum,0.5362057931207469,0.16995406745332753,-0.0807219368877693,1.6040593514291897,403,10.7887774950508,0.018124067313935843,0.49934957025428456,0.12043261129010221,671,0.09899433027627769,0.07095973717704984,exclude_DELTA,confirmation
bcdf16e650eee927,downside_momentum,2.5082902380775405,0.13768045570013143,-0.12620427670022194,1.145679829482568,1980,94.01837595671338,0.15794146976968285,0.6577182150591951,0.12512954837004725,2370,0.06363127907626076,0.07404917662387067,exclude_THAI,full
bcdf16e650eee927,downside_momentum,0.6724833175173117,0.20688130508810154,-0.06900292203822989,1.8777204861872498,424,12.197449164705551,0.020490494851788853,0.5243517644996741,0.11897015571172397,671,0.12858027292026386,0.07830103216783768,exclude_THAI,confirmation
6596606474982a11,ma_strength,2.771021048975411,0.14615556153588782,-0.14475527318233927,1.1215047480950093,1946,97.59294723004234,0.16394639205174816,0.6511110387717745,0.12981925972484165,2370,0.07250376357891652,0.0736517979569713,delay,full
6596606474982a11,ma_strength,0.6537677199925453,0.20192589703715713,-0.10305862364793361,1.5461191504729894,444,13.58466647714025,0.02282088121494791,0.5316703619923916,0.0888705707441705,671,0.12489391305590036,0.07703198398125677,delay,confirmation
6596606474982a11,ma_strength,1.7369817990676522,0.10901929194153093,-0.17413566060359853,0.9081605933662764,1910,83.0425706630291,0.13950321445682268,0.6257561284743478,0.12042548770713042,2370,0.05710060214339774,0.05191868979813319,exclude_DELTA,full
6596606474982a11,ma_strength,0.5519318227394707,0.1743188096318069,-0.09936638788593255,1.401381445416823,421,12.255464863251015,0.02058795542377538,0.4997684952993303,0.12042548770713044,671,0.10335907245475706,0.07095973717704984,exclude_DELTA,confirmation
6596606474982a11,ma_strength,2.867806765455601,0.14914451957161567,-0.12312137830377012,1.1365944790068452,1968,96.3492685574554,0.16185713624966924,0.6582346641148475,0.12512954837006335,2370,0.075095342947745,0.07404917662387067,exclude_THAI,full
6596606474982a11,ma_strength,0.7360790531582446,0.22346161741044113,-0.10284546293122876,1.6832725742187238,441,13.591507710442041,0.02283237380277158,0.5262909513126027,0.11994814762506116,671,0.14516058524260345,0.07830103216783768,exclude_THAI,confirmation
48544834d3c5f35b,high_proximity,1.9896167808224265,0.11912792498511449,-0.158465386220337,0.8890674550248628,433,73.41147579937692,0.1233239381953733,0.6182081590849561,0.2351744031885757,2370,0.04547612702814319,0.0736517979569713,delay,full
48544834d3c5f35b,high_proximity,0.3231366468761063,0.1077979996624896,-0.15846538622033746,0.8416384236256853,107,10.989407314443039,0.018461105347532862,0.5083715787314781,0.1827360929761863,671,0.030766015681232828,0.07703198398125677,delay,confirmation
48544834d3c5f35b,high_proximity,1.693703934763887,0.1072041667059842,-0.1581665395188192,0.8699906970967813,425,66.70395976194875,0.11205598200409769,0.607820411996901,0.22506437249921493,2370,0.05528547690785102,0.05191868979813319,exclude_DELTA,full
48544834d3c5f35b,high_proximity,0.2937070845369334,0.09872491307873865,-0.15816653951881898,0.8308775467389627,99,9.897020994162338,0.016626005568093308,0.4717473849412315,0.1409999839795608,671,0.02776517590168881,0.07095973717704984,exclude_DELTA,confirmation
48544834d3c5f35b,high_proximity,1.8268006568979684,0.11270565251737819,-0.1581665395188191,0.8580288866736652,425,69.13295998073828,0.11613645947164226,0.6078342785594573,0.2298202368417524,2370,0.038656475893507514,0.07404917662387067,exclude_THAI,full
48544834d3c5f35b,high_proximity,0.2937070845369334,0.09872491307873865,-0.15816653951881898,0.8308775467389627,99,9.897020994162338,0.016626005568093308,0.4717473849412315,0.1409999839795608,671,0.02042388091090097,0.07830103216783768,exclude_THAI,confirmation
1296a56a09e69d8a,risk_adjusted_momentum,2.4698041247426854,0.13639146860002005,-0.16612436140347686,1.1513635167630716,1975,100.2304458913118,0.1683771260528147,0.6511809145669062,0.1298192597248268,2370,0.06273967064304875,0.0736517979569713,delay,full
1296a56a09e69d8a,risk_adjusted_momentum,0.55999355376338,0.1765454612026831,-0.06764349404259051,1.6478099296578572,433,12.416546962139082,0.020858557241697443,0.5315872996713132,0.08782919346656286,671,0.09951347722142634,0.07703198398125677,delay,confirmation
1296a56a09e69d8a,risk_adjusted_momentum,1.4664767542439403,0.09722161363135551,-0.19083785904572903,0.9019815442455722,1932,81.5050465406364,0.13692032768361515,0.6252643706554556,0.12087628856869598,2370,0.04530292383322232,0.05191868979813319,exclude_DELTA,full
1296a56a09e69d8a,risk_adjusted_momentum,0.5075632957068468,0.16193096832344578,-0.0793102521163328,1.6030429206809313,405,11.12803753362813,0.01869399025274189,0.4978255562554474,0.12087628856869598,671,0.09097123114639594,0.07095973717704984,exclude_DELTA,confirmation
1296a56a09e69d8a,risk_adjusted_momentum,2.3704529089169206,0.13300369864899309,-0.15318006204510126,1.1250506956406763,1993,94.8529923267931,0.15934354180977983,0.6577431455812128,0.1251295483700473,2370,0.05895452202512241,0.07404917662387067,exclude_THAI,full
1296a56a09e69d8a,risk_adjusted_momentum,0.6359639643602271,0.19717879292771756,-0.06745672256597757,1.8339747737577228,427,12.546062729240944,0.021076130778851863,0.524360458793388,0.11897015571172397,671,0.11887776075987988,0.07830103216783768,exclude_THAI,confirmation
a0eeb705f854a313,ma_strength,2.6522614177757022,0.1423924910324883,-0.19631896824039574,0.8853235012934149,382,53.474696838392596,0.08983214321881573,0.6175677846778952,0.2358611468167406,2370,0.068740693075517,0.0736517979569713,delay,full
a0eeb705f854a313,ma_strength,0.5279076851807352,0.16763950504570335,-0.19631896824039607,1.0530506330822484,93,8.063788902655116,0.013546358977570328,0.5078437029342503,0.1775586700128922,671,0.09060752106444658,0.07703198398125677,delay,confirmation
a0eeb705f854a313,ma_strength,1.5316706751268763,0.10016740619401077,-0.2713973168343582,0.7016772307329073,378,44.70485041911356,0.07509967821906888,0.6098290522712588,0.20494205340905772,2370,0.04824871639587758,0.05191868979813319,exclude_DELTA,full
a0eeb705f854a313,ma_strength,0.26928098748913554,0.09109443218806357,-0.1922872978537744,0.6836884998258039,89,6.896073542529424,0.011584713944095182,0.4806615870668727,0.16113241021951086,671,0.020134695011013726,0.07095973717704984,exclude_DELTA,confirmation
a0eeb705f854a313,ma_strength,2.4379498323407125,0.13531485679800093,-0.19347998703477476,0.8594576430794928,375,49.61343947816932,0.08334561697937667,0.6100439922746934,0.22893049550215,2370,0.061265680174130255,0.07404917662387067,exclude_THAI,full
a0eeb705f854a313,ma_strength,0.5036026070404298,0.16081394435374596,-0.13691211993293162,1.0733322167176356,86,7.083354709915664,0.011899327577187323,0.4813250603827355,0.1526950528748997,671,0.08251291218590828,0.07830103216783768,exclude_THAI,confirmation
c6e98b20a884b85c,consistent_trend,2.5707255194284127,0.13974481492815816,-0.16810802605534414,1.1027285950086338,1925,85.53006393393089,0.1436819544026105,0.6510712269039962,0.12981925972482677,2370,0.06609301697118686,0.0736517979569713,delay,full
c6e98b20a884b85c,consistent_trend,0.7541610489822115,0.22810530416109787,-0.08101187517717912,1.8380724068787895,430,12.415142949218131,0.02085619864039154,0.5315866659667688,0.08749310643546776,671,0.1510733201798411,0.07703198398125677,delay,confirmation
c6e98b20a884b85c,consistent_trend,1.5528133270186957,0.10110813027009447,-0.20792476647626346,0.87242104277749,1890,72.78558996334317,0.1222725125794202,0.6252422416539384,0.12104968852031314,2370,0.04918944047196128,0.05191868979813319,exclude_DELTA,full
c6e98b20a884b85c,consistent_trend,0.6583242187099763,0.20313560357779337,-0.07751681227269702,1.7209407255117748,405,10.996264416848176,0.018472624593863247,0.49968233717702953,0.1210496885203131,671,0.13217586640074352,0.07095973717704984,exclude_DELTA,confirmation
c6e98b20a884b85c,consistent_trend,2.5595149364352827,0.1393765463805694,-0.1461033245523239,1.0992136774865544,1942,83.39079744294642,0.14008820062440563,0.65772417488994,0.12512954837004733,2370,0.06532736975669873,0.07404917662387067,exclude_THAI,full
c6e98b20a884b85c,consistent_trend,0.8100942088939389,0.24228023396311715,-0.0807472575802417,1.9515730076721787,425,12.280716176391095,0.020630375104719403,0.5246932795749407,0.11971930229030843,671,0.16397920179527947,0.07830103216783768,exclude_THAI,confirmation
08718550a4bea2f6,channel_position,3.1370542148042677,0.15711972353837544,-0.1558451132476183,1.1010556775559102,1188,205.69909877242884,0.3455539160278034,0.6536787792228373,0.2375173048039899,2370,0.08346792558140415,0.0736517979569713,delay,full
08718550a4bea2f6,channel_position,0.46529587266882055,0.14991275254205916,-0.12422146094531694,1.2477461352747938,262,23.48819497045954,0.03945781873087498,0.5175225749663216,0.17207065388053436,671,0.07288076856080239,0.07703198398125677,delay,confirmation
08718550a4bea2f6,channel_position,1.5873154689525322,0.10262836613868886,-0.19272553475335064,0.8208022023997176,1166,157.09586440976395,0.26390534262196236,0.6329705984520353,0.1565732741292048,2370,0.050709676340555676,0.05191868979813319,exclude_DELTA,full
08718550a4bea2f6,channel_position,0.2887212826341772,0.09717486755054594,-0.11280881461676107,0.8750039170145231,256,20.561025413291567,0.0345404665917885,0.5095188828917614,0.12866232103662978,671,0.0262151303734961,0.07095973717704984,exclude_DELTA,confirmation
08718550a4bea2f6,channel_position,2.70135618743681,0.14396125207209987,-0.1338889960979277,1.029206400091478,1202,199.39426570767733,0.3349624269623272,0.6637127361779488,0.23045505188038912,2370,0.0699120754482292,0.07404917662387067,exclude_THAI,full
08718550a4bea2f6,channel_position,0.3274313784025573,0.10911131815666097,-0.11280881476408078,0.9660185019071111,263,21.553100237412163,0.0362070530888287,0.5251868767061473,0.12863107533596094,671,0.030810285988823294,0.07830103216783768,exclude_THAI,confirmation
eec8bb9f3a582170,low_volatility,1.4831217373231662,0.09798029999969637,-0.114571110571836,0.9859019021778556,1986,91.68137924591015,0.15401554899520442,0.6507297638828313,0.13251709541102663,2370,0.024328502042725075,0.0736517979569713,delay,full
eec8bb9f3a582170,low_volatility,0.27654263095286113,0.09337255878229156,-0.08037715932856238,1.1045490712144073,433,11.256417241944357,0.018909655324742324,0.530024567056976,0.06216558616036165,671,0.01634057480103479,0.07703198398125677,delay,confirmation
eec8bb9f3a582170,low_volatility,1.0587649488907824,0.07703507176401758,-0.17916336364117347,0.8474996083685643,1937,82.84135839552577,0.13916519796864368,0.6242455859525108,0.08741195959257612,2370,0.025116381965884393,0.05191868979813319,exclude_DELTA,full
eec8bb9f3a582170,low_volatility,0.2218270497172481,0.07599962025903384,-0.08425449800580342,0.9717068848989304,400,9.834521744042933,0.016521013077817726,0.4941673571503539,0.059848794744056515,671,0.005039883081983998,0.07095973717704984,exclude_DELTA,confirmation
eec8bb9f3a582170,low_volatility,1.6339903916457725,0.10465626859139521,-0.10162933945056674,1.05400664525543,1999,91.8932597700055,0.15437148708763232,0.656307435858851,0.12765985934795787,2370,0.030607091967524536,0.07404917662387067,exclude_THAI,full
eec8bb9f3a582170,low_volatility,0.33522287402330586,0.11148707443498518,-0.05885222371098908,1.3435061277017593,422,11.145711732637594,0.018723681139657892,0.5192358846731676,0.06406633449084283,671,0.0331860422671475,0.07830103216783768,exclude_THAI,confirmation
067bc62bf604bc62,risk_adjusted_momentum,1.7277330609845585,0.10863356342229458,-0.1576148838126551,0.9153980086728551,2058,110.7150345232473,0.1859901864956032,0.6539746937308857,0.1287673423269497,2370,0.03498176546532328,0.0736517979569713,delay,full
067bc62bf604bc62,risk_adjusted_momentum,0.2799036409118152,0.09442419384158418,-0.13835680420717666,0.8637639282557835,481,16.03182377468872,0.02693186075909959,0.5362729339068498,0.08867158203932832,671,0.017392209860327412,0.07703198398125677,delay,confirmation
067bc62bf604bc62,risk_adjusted_momentum,0.9334100967316652,0.0701039134598005,-0.27238196297398454,0.6493204504609958,2009,88.7917046811721,0.14916118469390105,0.6287908772775149,0.12048419818349121,2370,0.018185223661667305,0.05191868979813319,exclude_DELTA,full
067bc62bf604bc62,risk_adjusted_momentum,0.26651982926922324,0.09022603078895752,-0.14394324161333671,0.8384359796846823,458,14.631736156623164,0.024579853569511253,0.5146011018541357,0.12048419818349122,671,0.01926629361190768,0.07095973717704984,exclude_DELTA,confirmation
067bc62bf604bc62,risk_adjusted_momentum,1.7908789090541037,0.11124413464002791,-0.14161227320057146,0.9322423728231979,2084,107.41129103804249,0.18044022781480762,0.6639424032634784,0.12448458108511334,2370,0.03719495801615724,0.07404917662387067,exclude_THAI,full
067bc62bf604bc62,risk_adjusted_momentum,0.39579545103682445,0.12966351829158862,-0.12088213219128263,1.138919231525243,483,16.719485555757238,0.028087063785116585,0.5411362910628595,0.11659923728426975,671,0.05136248612375094,0.07830103216783768,exclude_THAI,confirmation
69cde90fb6c80e30,low_volatility,1.7557825124227802,0.10979980421716418,-0.19844759757553088,1.0965580109913204,1042,98.33571451460217,0.16519416681308027,0.6616849794999992,0.13296875891507368,2370,0.03614800626019288,0.0736517979569713,delay,full
69cde90fb6c80e30,low_volatility,0.5687942260594694,0.17896789011874237,-0.06364749374308842,2.0029297083620103,223,13.790242617261704,0.023166228572737944,0.5409016021185256,0.11696483993822691,671,0.1019359061374856,0.07703198398125677,delay,confirmation
69cde90fb6c80e30,low_volatility,1.3740708178031995,0.09292423692492036,-0.1778013083559915,0.9963923147404956,1011,91.77960684961049,0.15418056154666063,0.6349207217360815,0.13267808595125652,2370,0.04100554712678717,0.05191868979813319,exclude_DELTA,full
69cde90fb6c80e30,low_volatility,0.4935160288161313,0.1579607940947374,-0.06348737280568151,1.8813868235502256,207,12.126271933765919,0.020370924221533367,0.5086385086577854,0.11932610297320248,671,0.08700105691768756,0.07095973717704984,exclude_DELTA,confirmation
69cde90fb6c80e30,low_volatility,1.681423387287953,0.10668434038365948,-0.19571646533997533,1.0668767677758904,1048,95.53493553587494,0.16048913820671631,0.6674490680924634,0.13267808595125666,2370,0.03263516375978881,0.07404917662387067,exclude_THAI,full
69cde90fb6c80e30,low_volatility,0.5902702404107416,0.18484330467124388,-0.06348737280568173,2.101249895105249,218,13.74110695516731,0.02308368557398556,0.5307163393264962,0.11932610297320251,671,0.1065422725034062,0.07830103216783768,exclude_THAI,confirmation
