candidate,scenario,period,total_return,cagr,max_drawdown,sharpe_rf0,fills,turnover_initial_capital,fees_fraction_initial_capital,mean_exposure,max_single_weight,sessions,incumbent_cagr,incumbent_total_return,incumbent_max_drawdown,cagr_gain,drawdown_gain
f5688d84c5bee01d,delay,full,2.8979288711126823,0.1500610681494987,-0.14512308647241023,1.1628474160922948,3309,120.91760482902559,0.20312948435228004,0.6181578339105029,0.11313445687596538,2370,0.1502388296700261,2.9037952620883973,-0.12930224049388472,-0.00017776152052739747,-0.01582084597852551
197f93b6154468e3,delay,full,2.6412876355449235,0.14203925195572475,-0.13790996830017177,1.16231696363343,3309,109.76687727712653,0.18439737713784485,0.5857448380038421,0.10756348073247672,2370,0.1502388296700261,2.9037952620883973,-0.12930224049388472,-0.008199577714301354,-0.008607727806287047
f5688d84c5bee01d,delay,recent,0.4655429556229329,0.14998364235956507,-0.0668680702119464,1.273068857200426,791,15.761603635700407,0.026477917947613117,0.5096550993640632,0.09213222531537096,671,0.1717117708998106,0.5425265247286153,-0.08133728319901468,-0.021728128540245528,0.01446921298706827
197f93b6154468e3,delay,recent,0.43735185643836805,0.14184598117769687,-0.06350128234085572,1.272208421431399,791,14.841655890881858,0.02493249773109243,0.4829750175504206,0.0874445556732748,671,0.1717117708998106,0.5425265247286153,-0.08133728319901468,-0.029865789722113734,0.01783600085815895
f5688d84c5bee01d,exclude_DELTA,full,1.8892233098871039,0.11520620555633454,-0.14395669253820176,0.962458604311752,3308,104.48322149126449,0.17552136378317512,0.6075021699583433,0.09339764563804184,2370,0.11208602452333372,1.8115208571268049,-0.14926896576284776,0.003120181033000824,0.0053122732246460025
197f93b6154468e3,exclude_DELTA,full,1.737470130093639,0.10903962578854087,-0.13675947001975497,0.9607891254589054,3308,95.74148020076838,0.1608361125892709,0.5757676911814548,0.0886339377022403,2370,0.11208602452333372,1.8115208571268049,-0.14926896576284776,-0.0030463987347928434,0.012509495743092791
f5688d84c5bee01d,exclude_DELTA,recent,0.33061174190153686,0.11008212944094109,-0.09717935716046389,0.9700478601932288,781,14.517836335006303,0.024388513259177094,0.5023559138619992,0.091745373707196,671,0.14804175251595542,0.4587841445129568,-0.0829686989403502,-0.037959623075014326,-0.014210658220113692
197f93b6154468e3,exclude_DELTA,recent,0.31015038495318614,0.10381030445729933,-0.09225443324601235,0.964650630130928,781,13.719372932166964,0.023047174588747277,0.47663139917411823,0.08698582406854997,671,0.14804175251595542,0.4587841445129568,-0.0829686989403502,-0.044231448058656087,-0.009285734305662152
f5688d84c5bee01d,exclude_THAI,full,2.6813047441398963,0.14332280238886175,-0.12933962220745465,1.112453422183344,3375,115.98484566272053,0.1948429422288042,0.6282017694875339,0.11373368245713747,2370,0.14942317930244786,2.8769426643526197,-0.11854784028474907,-0.006100376913586114,-0.010791781922705579
197f93b6154468e3,exclude_THAI,full,2.45002133618649,0.13572389874142754,-0.12279512959129768,1.1121422903944462,3375,105.68382283550696,0.1775382539813681,0.5952667537490675,0.10822549517424988,2370,0.14942317930244786,2.8769426643526197,-0.11854784028474907,-0.013699280561020322,-0.004247289306548607
f5688d84c5bee01d,exclude_THAI,recent,0.48793569701338124,0.15637705304336413,-0.08422951898611286,1.3029175152791226,791,15.749153511185433,0.0264570029834404,0.5162949026927642,0.0915625743102096,671,0.18617535309385524,0.5951649709117368,-0.086653839728562,-0.02979830005049111,0.0024243207424491375
197f93b6154468e3,exclude_THAI,recent,0.45856079989100995,0.14797748552352252,-0.07989128828745573,1.3029389176913337,791,14.838714010843502,0.024927555666815995,0.48938679396392043,0.08682845808561339,671,0.18617535309385524,0.5951649709117368,-0.086653839728562,-0.03819786757033272,0.006762551441106268
f5688d84c5bee01d,phase10,full,2.4138190112985134,0.13449330844801888,-0.1379603576967171,1.0620198797059646,3284,120.24523189590586,0.20199996506193227,0.6056143479598598,0.11381094170751335,2370,0.11353402369604582,1.8473443639863056,-0.15666753880176598,0.020959284751973062,0.018707181105048876
197f93b6154468e3,phase10,full,2.211474550211994,0.1273915948052562,-0.13096983556420105,1.061646534026425,3284,109.38614131530899,0.18375777879558758,0.573817170006832,0.10829539624089049,2370,0.11353402369604582,1.8473443639863056,-0.15666753880176598,0.013857571109210376,0.02569770323756493
f5688d84c5bee01d,phase10,recent,0.32583215691166734,0.10862259552730702,-0.08532221959357023,0.9705042333980396,800,15.522769768999812,0.02607670093494278,0.49499008714904397,0.09163775698349011,671,0.07832709661795656,0.22906928821115669,-0.11036618750325589,0.03029549890935046,0.02504396790968566
197f93b6154468e3,phase10,recent,0.30734240875087004,0.1029447648586288,-0.08093903691028492,0.970241737863957,800,14.677338163804178,0.024656460381374635,0.4690030125308773,0.08706573094894013,671,0.07832709661795656,0.22906928821115669,-0.11036618750325589,0.02461766824067224,0.029427150592970963
