name,candidate,total_return,cagr,max_drawdown,sharpe_rf0,fills,turnover_initial_capital,fees_fraction_initial_capital,mean_exposure,max_single_weight,sessions,halted,benchmark_cagr,benchmark_total_return,benchmark_drawdown,excess_cagr,scenario,period
reference_buffer5,2cf550d27fd7a786,3.2157855280527556,0.15936375054835827,-0.12639046101909357,1.2119438160277876,2404,110.62519863086148,0.18583927117998408,0.6212868253357269,0.15606319479846156,2363,False,0.07404917662387067,1.0038957331441245,-0.37543789783126,0.0853145739244876,base,full
reference_buffer5,2cf550d27fd7a786,0.6135273378247716,0.19114949259167835,-0.07814867751815668,1.5631173214719953,532,13.301608055378017,0.02234537137222953,0.5015546389999899,0.1516706082893224,664,False,0.07830103216783768,0.2289880349928286,-0.29434414163423284,0.11284846042384067,base,recent
reference_buffer5,2cf550d27fd7a786,2.7968114448124695,0.1469586930280613,-0.13055076849720626,1.1266929075100507,2394,103.92626587046063,0.2857868385171799,0.6212530166561416,0.1558155889390747,2363,False,0.07378096980652882,0.9990319454450398,-0.375392808782274,0.07317772322153249,higher_cost,full
reference_buffer5,2cf550d27fd7a786,0.5766049228454624,0.18111061282855356,-0.07814779311152309,1.4880400559494118,531,13.139516013412473,0.03613235508528295,0.5013569988716151,0.15176922657885486,664,False,0.07742993329315406,0.22627443438167538,-0.2943964940521221,0.1036806795353995,higher_cost,recent
reference_buffer5,2cf550d27fd7a786,3.7215426843895454,0.17294225649106898,-0.13233457865847065,1.2984348892507889,2354,117.05008395605654,0.19663243603777958,0.6177787705204082,0.15943289226633328,2363,False,0.07404917662387067,1.0038957331441245,-0.37543789783126,0.09889307986719831,extra_day_delay,full
reference_buffer5,2cf550d27fd7a786,0.6708161055595343,0.2064413020330229,-0.07838822238476151,1.6822188901609796,491,12.78625806203748,0.02147963491841676,0.48934182261539105,0.14806556584356323,664,False,0.07830103216783768,0.2289880349928286,-0.29434414163423284,0.12814026986518523,extra_day_delay,recent
reference_buffer5,2cf550d27fd7a786,2.2657745586683378,0.1293359306877644,-0.10896338806600436,1.1667527215041755,10156,65.27601102586573,0.10965717092235179,0.5237801412377939,0.1661928729846826,2363,False,0.07404917662387067,1.0038957331441245,-0.37543789783126,0.05528675406389372,half_fills,full
reference_buffer5,2cf550d27fd7a786,0.4681373953424468,0.1507275477946577,-0.062019299485360446,1.5563716643888292,1855,8.78969906782321,0.014765815464036214,0.41999930696170495,0.13173032943745833,664,False,0.07830103216783768,0.2289880349928286,-0.29434414163423284,0.07242651562682001,half_fills,recent
reference_buffer5,2cf550d27fd7a786,2.324137873577491,0.13139368237692173,-0.09727619442544,1.1950559414040363,1535,72.3179559329842,0.12148693417182019,0.49541806870651267,0.15621525679434542,2363,False,0.07404917662387067,1.0038957331441245,-0.37543789783126,0.057344505753051056,morning_only,full
reference_buffer5,2cf550d27fd7a786,0.48827278874454505,0.15647282909563454,-0.059742453781657545,1.6036272698874976,343,9.707952535545168,0.016308389464462326,0.40326115382293876,0.14189383812839693,664,False,0.07830103216783768,0.2289880349928286,-0.29434414163423284,0.07817179692779685,morning_only,recent
reference_buffer5,2cf550d27fd7a786,2.69638243110375,0.1438031747059254,-0.09254031294564102,1.296199587162936,1536,77.27684278778506,0.12981736819920006,0.4950961608970751,0.1562403912730049,2363,False,0.07404917662387067,1.0038957331441245,-0.37543789783126,0.06975399808205474,close_only,full
reference_buffer5,2cf550d27fd7a786,0.5292813467860715,0.16802320553734962,-0.05979163193069503,1.7123296013727063,343,9.879128521731396,0.016595948003656578,0.4029816577346003,0.1416117569062535,664,False,0.07830103216783768,0.2289880349928286,-0.29434414163423284,0.08972217336951194,close_only,recent
reference_buffer5,2cf550d27fd7a786,2.3528188943782427,0.13239305395792833,-0.13871256646399377,1.0954298851948507,2328,98.18409437110988,0.16493946013402747,0.5890970712137186,0.1519849390891366,2363,False,0.05239357298354652,0.6436180265441287,-0.3741673782342495,0.07999948097438181,exclude_DELTA,full
reference_buffer5,2cf550d27fd7a786,0.556543004943731,0.17559331468767914,-0.07661424338728351,1.5303094081475033,482,11.817408392260397,0.01985206435815824,0.44490498582732396,0.15198493908913657,664,False,0.07224127579915862,0.21018974081151054,-0.293595367001672,0.10335203888852051,exclude_DELTA,recent
reference_buffer5,2cf550d27fd7a786,2.5721075094583297,0.13979014156274228,-0.12639046099252216,1.1136368918467603,2373,97.85944141593832,0.16439407563463468,0.6043031584498747,0.15899066722863606,2363,False,0.06502467105429588,0.8459433690831726,-0.370569309648354,0.0747654705084464,exclude_RCL,full
reference_buffer5,2cf550d27fd7a786,0.6305682467080769,0.19573363884146588,-0.07648729944002752,1.598999066926717,516,13.149506505187027,0.022089855978063674,0.4689885353025523,0.1525592368359984,664,False,0.07383831822109088,0.2151261788344394,-0.29651979293590547,0.121895320620375,exclude_RCL,recent
reference_buffer5,2cf550d27fd7a786,2.531538405944282,0.13845295611595154,-0.14545816969600556,1.0787200060222766,2379,109.23002041711925,0.18349551129871852,0.605417375465396,0.12193295496836272,2363,False,0.07404917662387067,1.0038957331441245,-0.37543789783126,0.06440377949208087,phase_10,full
reference_buffer5,2cf550d27fd7a786,0.3810882774827722,0.12529696553448755,-0.08045462806469217,1.1149253127292549,583,15.05889630133288,0.0252974398966091,0.5206969102128031,0.08319291606437355,664,False,0.07830103216783768,0.2289880349928286,-0.29434414163423284,0.04699593336664987,phase_10,recent
buffer10_market_exit,7e75643d3b2a80cb,2.1680828987604257,0.12581653748149768,-0.17691627159003276,1.0451758234839217,2474,114.55837780894723,0.19244661888125053,0.5417685950253811,0.14900613508555657,2363,False,0.07404917662387067,1.0038957331441245,-0.37543789783126,0.05176736085762701,base,full
buffer10_market_exit,7e75643d3b2a80cb,0.4770488299919202,0.15327639597973008,-0.07520466136715909,1.3571061102929622,593,17.628355187801528,0.029613873879987786,0.43007059413447496,0.14513641290245116,664,False,0.07830103216783768,0.2289880349928286,-0.29434414163423284,0.0749753638118924,base,recent
buffer10_market_exit,7e75643d3b2a80cb,1.789074046348349,0.11117025725909557,-0.19178078763427597,0.9348755330422466,2468,106.47063840421117,0.29278360854774066,0.5414757674311477,0.14876311314668048,2363,False,0.07378096980652882,0.9990319454450398,-0.375392808782274,0.037389287452566755,higher_cost,full
buffer10_market_exit,7e75643d3b2a80cb,0.4285876782888882,0.1392954989337214,-0.0780641715121343,1.2434671877499754,590,17.316708708153673,0.04761921727655178,0.4297988196518921,0.1451730428778143,664,False,0.07742993329315406,0.22627443438167538,-0.2943964940521221,0.06186556564056733,higher_cost,recent
buffer10_market_exit,7e75643d3b2a80cb,2.297227376179629,0.13044894362190806,-0.16781581915912447,1.0718587032489133,2413,117.89532580307942,0.19805235781659314,0.5354204986305584,0.1522433943713573,2363,False,0.07404917662387067,1.0038957331441245,-0.37543789783126,0.05639976699803739,extra_day_delay,full
buffer10_market_exit,7e75643d3b2a80cb,0.484703344605214,0.15545796260405975,-0.08404313770835625,1.37924607090393,549,16.9362752479712,0.028451248789066817,0.40714795408354737,0.1438559750900025,664,False,0.07830103216783768,0.2289880349928286,-0.29434414163423284,0.07715693043622207,extra_day_delay,recent
buffer10_market_exit,7e75643d3b2a80cb,1.788370612282495,0.111141452390076,-0.13215102994706207,1.070214990773339,13328,75.58766491469969,0.12697971829020388,0.45045705999150537,0.15948577235911507,2363,False,0.07404917662387067,1.0038957331441245,-0.37543789783126,0.03709227576620533,half_fills,full
buffer10_market_exit,7e75643d3b2a80cb,0.3788660680753382,0.12463463128047936,-0.06109985393718287,1.3849903064582754,2547,11.994931194227727,0.02015028491318317,0.3457210751067176,0.13188320384540467,664,False,0.07830103216783768,0.2289880349928286,-0.29434414163423284,0.04633359911264168,half_fills,recent
buffer10_market_exit,7e75643d3b2a80cb,1.6971264076964698,0.10734865852587494,-0.14687935534081165,1.0431408643542839,1634,82.60600586852236,0.13876982925853076,0.4401113638182443,0.1490132610268683,2363,False,0.07404917662387067,1.0038957331441245,-0.37543789783126,0.03329948190200427,morning_only,full
buffer10_market_exit,7e75643d3b2a80cb,0.38892712544152186,0.12762796685194688,-0.05954571218387639,1.3963291332533811,386,13.878482187472011,0.023314462226734233,0.3450638585431673,0.14284824087287248,664,False,0.07830103216783768,0.2289880349928286,-0.29434414163423284,0.0493269346841092,morning_only,recent
buffer10_market_exit,7e75643d3b2a80cb,1.8406634994000717,0.11326522537855266,-0.13017634351345564,1.0915823369173812,1634,86.61484657309951,0.14550428075814983,0.4399229334098138,0.14905916894639037,2363,False,0.07404917662387067,1.0038957331441245,-0.37543789783126,0.03921604875468199,close_only,full
buffer10_market_exit,7e75643d3b2a80cb,0.39585018852111964,0.12967971517637777,-0.06530782302690896,1.4137337431073442,386,13.902131832161668,0.023354191264848383,0.3451776610013934,0.14237469503958203,664,False,0.07830103216783768,0.2289880349928286,-0.29434414163423284,0.051378683008540094,close_only,recent
buffer10_market_exit,7e75643d3b2a80cb,1.7656109102552189,0.1102059307703589,-0.1819597920427154,0.9840911068341193,2368,102.23671802867538,0.1717474626163718,0.5165808015355589,0.14712293562364662,2363,False,0.05239357298354652,0.6436180265441287,-0.3741673782342495,0.057812357786812374,exclude_DELTA,full
buffer10_market_exit,7e75643d3b2a80cb,0.4981146342491256,0.1592630945786484,-0.0753222492150658,1.4541894669012891,512,14.510343890965228,0.024375926702432476,0.4015107581903403,0.1471229356236466,664,False,0.07224127579915862,0.21018974081151054,-0.293595367001672,0.08702181877948978,exclude_DELTA,recent
buffer10_market_exit,7e75643d3b2a80cb,1.9584956748290487,0.11792502688670226,-0.14413742042346356,1.0138556905243623,2414,102.30439434007634,0.17186115205189434,0.536597225813368,0.1544547424456828,2363,False,0.06502467105429588,0.8459433690831726,-0.370569309648354,0.052900355832406376,exclude_RCL,full
buffer10_market_exit,7e75643d3b2a80cb,0.5412781681546295,0.17136498369912534,-0.07520466136715953,1.495509646427656,548,15.960685086531315,0.02681235487686396,0.42403179364454024,0.14586144325932088,664,False,0.07383831822109088,0.2151261788344394,-0.29651979293590547,0.09752666547803446,exclude_RCL,recent
buffer10_market_exit,7e75643d3b2a80cb,2.340244963648212,0.1319558714753244,-0.16589534202065492,1.0928430424573934,2369,112.75755588130276,0.18942141812500043,0.5378583058356375,0.11604028969296386,2363,False,0.07404917662387067,1.0038957331441245,-0.37543789783126,0.05790669485145372,phase_10,full
buffer10_market_exit,7e75643d3b2a80cb,0.3681979969324116,0.12144552499049488,-0.07349513190486456,1.1457943150821395,606,17.898147384499335,0.030067097791220437,0.43654303408182527,0.08596448432253025,664,False,0.07830103216783768,0.2289880349928286,-0.29434414163423284,0.0431444928226572,phase_10,recent
buffer10_index_exit,1dbfea6883ce22aa,1.5238412735410511,0.0998172545048912,-0.1407170564021626,0.9521341770485949,1995,74.4316727690643,0.1250377670847512,0.43670002941627006,0.1507430169465096,2363,False,0.07404917662387067,1.0038957331441245,-0.37543789783126,0.025768077881020535,base,full
buffer10_index_exit,1dbfea6883ce22aa,0.5185083189865505,0.1650081198315152,-0.07736300497853155,1.3759831660396775,529,12.850141914195492,0.021586953401657012,0.4683178587547101,0.1445698189042471,664,False,0.07830103216783768,0.2289880349928286,-0.29434414163423284,0.08670708766367752,base,recent
buffer10_index_exit,1dbfea6883ce22aa,1.2795237414042955,0.08836905672799444,-0.1612534435859716,0.8519900153499529,1988,70.31731512787469,0.19336558487014274,0.4363794250518497,0.15071091235771905,2363,False,0.07378096980652882,0.9990319454450398,-0.375392808782274,0.014588086921465626,higher_cost,full
buffer10_index_exit,1dbfea6883ce22aa,0.483211673080848,0.1550333910889432,-0.08068638008092066,1.3013465008948317,526,12.682030397521164,0.03487431539014345,0.46793372446042714,0.14463946475341963,664,False,0.07742993329315406,0.22627443438167538,-0.2943964940521221,0.07760345779578914,higher_cost,recent
buffer10_index_exit,1dbfea6883ce22aa,1.5420799645642087,0.10063143583002732,-0.141626174512548,0.9522444952794106,1943,74.75176522843317,0.12557549040724486,0.43184221217023727,0.15365495717157177,2363,False,0.07404917662387067,1.0038957331441245,-0.37543789783126,0.026582259206156644,extra_day_delay,full
buffer10_index_exit,1dbfea6883ce22aa,0.5063557245688839,0.16159059727735703,-0.09795971733019293,1.3564452168886494,487,11.990758676609085,0.0201432755008356,0.45241511416335434,0.14104315681766044,664,False,0.07830103216783768,0.2289880349928286,-0.29434414163423284,0.08328956510951935,extra_day_delay,recent
buffer10_index_exit,1dbfea6883ce22aa,1.1325014958616952,0.08093719089183149,-0.12151244180428633,0.9358072582070368,11690,48.00408896498736,0.0806420690522823,0.3620701682572691,0.1281507179544877,2363,False,0.07404917662387067,1.0038957331441245,-0.37543789783126,0.006888014267960818,half_fills,full
buffer10_index_exit,1dbfea6883ce22aa,0.3990600158770372,0.13062880307999203,-0.07389159156282987,1.3498921849796222,2101,8.86200743110495,0.014887286283513204,0.3902320260563233,0.12815071795448765,664,False,0.07830103216783768,0.2289880349928286,-0.29434414163423284,0.05232777091215435,half_fills,recent
buffer10_index_exit,1dbfea6883ce22aa,1.132722576969682,0.08094870725497483,-0.12154387228699959,0.9252238613327537,1309,52.933566341903784,0.08892309809776415,0.35465170550633407,0.1393328341769111,2363,False,0.07404917662387067,1.0038957331441245,-0.37543789783126,0.006899530631104156,morning_only,full
buffer10_index_exit,1dbfea6883ce22aa,0.4119614901228301,0.13442966389622413,-0.07093828049927486,1.3657313450933457,344,9.904346946354199,0.01663831243518041,0.380140199553472,0.1393328341769111,664,False,0.07830103216783768,0.2289880349928286,-0.29434414163423284,0.05612863172838645,morning_only,recent
buffer10_index_exit,1dbfea6883ce22aa,1.2217181811194968,0.08549981572036902,-0.10771940271308111,0.9688707989061548,1310,54.72469473419701,0.09193201468397756,0.3543704012512016,0.1390576145639391,2363,False,0.07404917662387067,1.0038957331441245,-0.37543789783126,0.01145063909649835,close_only,full
buffer10_index_exit,1dbfea6883ce22aa,0.409321851681292,0.13365380700912755,-0.08501834917322793,1.3596058703321936,344,9.87158164552552,0.016583270006318325,0.38001042694770987,0.1390576145639391,664,False,0.07830103216783768,0.2289880349928286,-0.29434414163423284,0.055352774841289865,close_only,recent
buffer10_index_exit,1dbfea6883ce22aa,1.5064679132913574,0.09903677760163543,-0.1340059173417507,0.9789626491642315,2001,74.30376999602075,0.12482290321631533,0.436598259912087,0.14675886971686283,2363,False,0.05239357298354652,0.6436180265441287,-0.3741673782342495,0.04664320461808891,exclude_DELTA,full
buffer10_index_exit,1dbfea6883ce22aa,0.503945987660263,0.1609108610511587,-0.0866240597988791,1.3821499152568457,525,12.480002244465496,0.020965155770477584,0.4681320817873896,0.1467588697168628,664,False,0.07224127579915862,0.21018974081151054,-0.293595367001672,0.08866958525200008,exclude_DELTA,recent
buffer10_index_exit,1dbfea6883ce22aa,1.2745152563990612,0.08812305412397836,-0.14409270681663766,0.8566787693664238,2000,68.96788201243123,0.11585914499268321,0.4366478810916548,0.15445474244568283,2363,False,0.06502467105429588,0.8459433690831726,-0.370569309648354,0.023098383069682482,exclude_RCL,full
buffer10_index_exit,1dbfea6883ce22aa,0.521514643544192,0.16585087196493298,-0.07482728088736856,1.3774971765216502,530,12.687046661278876,0.021312969686282376,0.4678223943806602,0.14542689515601884,664,False,0.07383831822109088,0.2151261788344394,-0.29651979293590547,0.0920125537438421,exclude_RCL,recent
buffer10_index_exit,1dbfea6883ce22aa,1.1773572613207035,0.08325212588925934,-0.23327554623993696,0.8245850790781813,1845,63.48232193860953,0.10664395262467019,0.4245584878461796,0.11669559727994144,2363,False,0.07404917662387067,1.0038957331441245,-0.37543789783126,0.009202949265388671,phase_10,full
buffer10_index_exit,1dbfea6883ce22aa,0.41074398446376015,0.1340719224404261,-0.07836476507541279,1.208721270618476,527,13.461559267368596,0.0226140734132525,0.4698341700065535,0.08596448432253025,664,False,0.07830103216783768,0.2289880349928286,-0.29434414163423284,0.055770890272588414,phase_10,recent
buffer10_index_stock_exit,303e1da0c09218de,1.4281172016238917,0.09545552233235477,-0.14798465580636477,0.9297307618944811,2494,74.68752035607406,0.1254675654461689,0.43052806714253344,0.15074301694650963,2363,False,0.07404917662387067,1.0038957331441245,-0.37543789783126,0.021406345708484098,base,full
buffer10_index_stock_exit,303e1da0c09218de,0.49671484975828006,0.15886695189700362,-0.07781708321488923,1.3463981720601779,708,13.340683454817986,0.022411014135748735,0.4599017004796946,0.10596915322312389,664,False,0.07830103216783768,0.2289880349928286,-0.29434414163423284,0.08056591972916594,base,recent
buffer10_index_stock_exit,303e1da0c09218de,1.186215615643516,0.08370422574545189,-0.16860259202888617,0.8248554383618966,2488,70.42185837796153,0.1936530683535565,0.4301105464475897,0.15071078053595735,2363,False,0.07378096980652882,0.9990319454450398,-0.375392808782274,0.00992325593892307,higher_cost,full
buffer10_index_stock_exit,303e1da0c09218de,0.46008827387847395,0.14841688869546066,-0.08045561680668045,1.267621777265064,706,13.154861516394089,0.03618331836123551,0.45940956446834114,0.105997466705522,664,False,0.07742993329315406,0.22627443438167538,-0.2943964940521221,0.0709869554023066,higher_cost,recent
buffer10_index_stock_exit,303e1da0c09218de,1.469119112647665,0.0973423597612344,-0.13451181252063749,0.9416932220401947,2455,75.2004199637847,0.1263291854971619,0.42653924556921075,0.15365495717157177,2363,False,0.07404917662387067,1.0038957331441245,-0.37543789783126,0.023293183137363727,extra_day_delay,full
buffer10_index_stock_exit,303e1da0c09218de,0.5001784528928113,0.15984673257780835,-0.09558031717074511,1.3578429154478435,673,12.694047622949673,0.02132473060179315,0.4477749526906049,0.12053378852224463,664,False,0.07830103216783768,0.2289880349928286,-0.29434414163423284,0.08154570040997067,extra_day_delay,recent
buffer10_index_stock_exit,303e1da0c09218de,1.134890466506481,0.08106157834243533,-0.12026614400909064,0.9214757540075672,13165,54.92797679478322,0.09227350821755642,0.3704175440855585,0.1054284801569567,2363,False,0.07404917662387067,1.0038957331441245,-0.37543789783126,0.007012401718564654,half_fills,full
buffer10_index_stock_exit,303e1da0c09218de,0.3848817771338797,0.12642606581868399,-0.07593636257901248,1.287828561180222,2659,10.357007998422443,0.017398737736549864,0.4003153752403545,0.09443114885679009,664,False,0.07830103216783768,0.2289880349928286,-0.29434414163423284,0.048125033650846305,half_fills,recent
buffer10_index_stock_exit,303e1da0c09218de,1.1123104983680876,0.07988087561844304,-0.12183151172798756,0.9052374062743743,1805,59.54570452820702,0.10003082903693493,0.3646096241828537,0.12712748517875463,2363,False,0.07404917662387067,1.0038957331441245,-0.37543789783126,0.005831698994572365,morning_only,full
buffer10_index_stock_exit,303e1da0c09218de,0.3954699164759776,0.12956718391413924,-0.07042460804996242,1.312288201110897,519,11.188216162443817,0.018795084331289364,0.3928414009714387,0.1036040596471658,664,False,0.07830103216783768,0.2289880349928286,-0.29434414163423284,0.05126615174630156,morning_only,recent
buffer10_index_stock_exit,303e1da0c09218de,1.194804001749218,0.08414098084336374,-0.10498548552973463,0.9494436562639057,1805,61.689017506367925,0.10363138050894746,0.36427971807389914,0.1264582401969306,2363,False,0.07404917662387067,1.0038957331441245,-0.37543789783126,0.010091804219493072,close_only,full
buffer10_index_stock_exit,303e1da0c09218de,0.38462303302207457,0.12634911540800275,-0.0813896882072308,1.2875210266714883,519,11.201747262200495,0.018817815225770612,0.392671579023191,0.10347600236142473,664,False,0.07830103216783768,0.2289880349928286,-0.29434414163423284,0.048048083240165074,close_only,recent
buffer10_index_stock_exit,303e1da0c09218de,1.3960340970483145,0.09395907094973865,-0.14731548206286538,0.9489786604445922,2505,74.11126904142222,0.12449952086268518,0.4298257442839686,0.10733612149171186,2363,False,0.05239357298354652,0.6436180265441287,-0.3741673782342495,0.04156549796619213,exclude_DELTA,full
buffer10_index_stock_exit,303e1da0c09218de,0.4818111536560383,0.154634517390545,-0.08936379923737836,1.3524844884473481,708,12.991062472569364,0.02182368584766928,0.45971531263631515,0.10733612149171183,664,False,0.07224127579915862,0.21018974081151054,-0.293595367001672,0.08239324159138639,exclude_DELTA,recent
buffer10_index_stock_exit,303e1da0c09218de,1.216041154353698,0.08521442957381953,-0.14814436298503453,0.8435265189511705,2508,69.78480615537325,0.11723149586041164,0.43014085533619056,0.1544547424456828,2363,False,0.06502467105429588,0.8459433690831726,-0.370569309648354,0.02018975851952365,exclude_RCL,full
buffer10_index_stock_exit,303e1da0c09218de,0.4971430260855192,0.15898815186223292,-0.07717916213658349,1.3414908901864822,721,13.230039890565067,0.02222514401216026,0.45928499086252356,0.10625385090702966,664,False,0.07383831822109088,0.2151261788344394,-0.29651979293590547,0.08514983364114204,exclude_RCL,recent
buffer10_index_stock_exit,303e1da0c09218de,1.1625100245375326,0.08249065984847959,-0.22927448902787606,0.8353299383111087,2210,65.2857136698863,0.10967347039404209,0.41825008632715793,0.11669559727994147,2363,False,0.07404917662387067,1.0038957331441245,-0.37543789783126,0.008441483224608914,phase_10,full
buffer10_index_stock_exit,303e1da0c09218de,0.4017753864425182,0.13143061107185727,-0.07538704312341526,1.19594802373987,667,13.842872366920025,0.023254641289188954,0.462070507893564,0.09895495344902494,664,False,0.07830103216783768,0.2289880349928286,-0.29434414163423284,0.05312957890401959,phase_10,recent
