year,sma_trend,rsi_pullback,bollinger_reversion,macd_trend,donchian_breakout,buy_hold
2017,0.1366150511578894,0.006326736752010342,-0.007974970982946417,-0.0052406833059336355,0.07409166608006568,0.1870574620578278
2018,-0.0553943666374499,-0.0032334500345369,-0.040802585030880856,-0.04616354089367214,-0.03844872528553678,-0.11088732508041721
2019,0.04971013564717053,0.0048812663312665094,0.003598265235865483,-0.013137908300828283,0.030501590886835572,0.09881343691960454
2020,0.0315903005195417,0.0010996305242927384,-0.1387251692532976,0.07177472893026104,0.06147701238746217,0.07195119977772357
2021,0.29806957488735586,0.0036348822823732974,0.022379158647452657,0.012294830003801938,0.1275006767744058,0.29275181094366554
2022,-0.025806779238693345,-0.0009450640222206097,-0.02116519460122923,-0.03370913146777721,-0.029718061719771427,0.02016479605625876
2023,-0.04996170396896027,0.00241914316189229,-0.038504030293691205,-0.05547101610571947,-0.038081101884128055,-0.12392307468205055
2024,-0.0027615858283873695,0.0023345701631927174,-0.013272917164236175,-0.0068245640479639436,0.025092290606169687,0.0644386311280647
2025,-0.10374583230060541,-0.006677305390108246,-0.08587187945251362,0.010128955568032172,-0.021224050192953814,-0.10104033232696286
2026,0.30397261601900505,0.0020726644137609718,0.027526399344694585,0.07775070963469521,0.20066297476820005,0.45230288780639993
