candidate,scenario,period,total_return,cagr,max_drawdown,sharpe_rf0,fills,turnover_initial_capital,fees_fraction_initial_capital,mean_exposure,max_single_weight,sessions,incumbent_cagr,incumbent_max_drawdown,incumbent_total_return,cagr_gain,drawdown_gain
d7efca813ffc6bbc,delay,full,3.5471081240205766,0.16841320864367404,-0.1415078144688301,1.2268394889736427,1559,139.76007408693843,0.23478294845864794,0.6315698665314095,0.16050801228572437,2370,0.1502388296700261,-0.12930224049388472,2.9037952620883973,0.01817437897364793,-0.012205573974945372
a7cfff22c28520d3,delay,full,3.214878098349435,0.15933810163674034,-0.1343890383517602,1.2258324730841847,1559,126.39003743574293,0.21232262388830464,0.5985110445159445,0.1531736576799521,2370,0.1502388296700261,-0.12930224049388472,2.9037952620883973,0.009099271966714229,-0.005086797857875469
e9a522bb24938501,delay,full,3.4494785188048063,0.1658098392842804,-0.14003361775988699,1.220864128316699,1506,120.57300949301623,0.20255059864731795,0.631443218441537,0.15980138674209707,2370,0.1502388296700261,-0.12930224049388472,2.9037952620883973,0.015571009614254283,-0.010731377266002262
f4f5be7d82b85c48,delay,full,3.1288080036732273,0.1568824752984832,-0.132971426453402,1.2198318068935712,1506,109.19433480693127,0.18343556304216377,0.5983919542328423,0.1525297863310574,2370,0.1502388296700261,-0.12930224049388472,2.9037952620883973,0.0066436456284570955,-0.0036691859595172627
cb7099bc7d7906a6,delay,full,3.0188041354450643,0.15367625369888138,-0.13069496505636524,1.2664064612033494,1449,89.02104725189389,0.14954645727845664,0.5657338719524249,0.14514806647320228,2370,0.1502388296700261,-0.12930224049388472,2.9037952620883973,0.0034374240288552738,-0.0013927245624805185
404585f6a003a069,delay,full,3.8302254857051503,0.1756887791889441,-0.14717674047198914,1.227640153452179,1559,151.17515088627644,0.2539591359738558,0.658005094131235,0.1662992474121522,2370,0.1502388296700261,-0.12930224049388472,2.9037952620883973,0.02544994951891799,-0.01787449997810442
d7efca813ffc6bbc,delay,recent,0.5951819711404818,0.186179975002158,-0.08361689037976139,1.4296600093366862,350,15.404939458695878,0.025878757796663206,0.5145181261369376,0.11151970638813942,671,0.1717117708998106,-0.08133728319901468,0.5425265247286153,0.014468204102347393,-0.002279607180746712
a7cfff22c28520d3,delay,recent,0.5577849954794774,0.17593618440034708,-0.07933720321794924,1.4284791785828281,350,14.487676960434321,0.024337848525833615,0.48770963141296814,0.10587488257323396,671,0.1717117708998106,-0.08133728319901468,0.5425265247286153,0.004224413500536484,0.002000079981065439
e9a522bb24938501,delay,recent,0.6122061698737662,0.1907928070226501,-0.07473520009625834,1.5164040422722447,339,14.082608885218932,0.023657374666279273,0.5145307620400593,0.11086565290999291,671,0.1717117708998106,-0.08133728319901468,0.5425265247286153,0.019081036122839512,0.00660208310275634
f4f5be7d82b85c48,delay,recent,0.5732131812532948,0.18018097928717647,-0.0709542788583466,1.5146585121674154,339,13.22131993394852,0.022210495357040113,0.48774931194245663,0.10528513512248486,671,0.1717117708998106,-0.08133728319901468,0.5425265247286153,0.008469208387365867,0.010383004340668078
cb7099bc7d7906a6,delay,recent,0.5360105668670054,0.16989970489617812,-0.07210745299537002,1.5417744086635423,331,11.278969832101192,0.018947541420946797,0.46258804200700165,0.0997445353268183,671,0.1717117708998106,-0.08133728319901468,0.5425265247286153,-0.0018120660036324843,0.009229830203644651
404585f6a003a069,delay,recent,0.6256373889662936,0.1944103345058159,-0.08703122820942166,1.430599840079749,350,16.148598252773947,0.027128030204834955,0.5359454612426451,0.11601832491930093,671,0.1717117708998106,-0.08133728319901468,0.5425265247286153,0.022698563606005306,-0.005693945010406987
d7efca813ffc6bbc,exclude_DELTA,full,2.048124906315664,0.12135928875585233,-0.17860311485192892,0.9757373665904023,1533,110.62866667914865,0.1858450971543018,0.6088745113691285,0.153943144980333,2370,0.11208602452333372,-0.14926896576284776,1.8115208571268049,0.009273264232518619,-0.029334149089081163
a7cfff22c28520d3,exclude_DELTA,full,1.8816431088135865,0.11490515509107557,-0.17028819386355953,0.9739676480515213,1533,101.55128045477926,0.1705959960359837,0.5773881838058159,0.1464565088008484,2370,0.11208602452333372,-0.14926896576284776,1.8115208571268049,0.0028191305677418566,-0.021019228100711773
e9a522bb24938501,exclude_DELTA,full,2.0507955226130727,0.12146022001270507,-0.1455423114533856,0.9840889618658262,1487,100.0759944831627,0.16811766313226506,0.6087333041725258,0.15375394275717819,2370,0.11208602452333372,-0.14926896576284776,1.8115208571268049,0.00937419548937135,0.003726654309462174
f4f5be7d82b85c48,exclude_DELTA,full,1.8838319768148284,0.11499215967991194,-0.13821468447234098,0.9821774109063196,1487,91.86989239043622,0.1543322322266937,0.5772594994773238,0.14624660497465586,2370,0.11208602452333372,-0.14926896576284776,1.8115208571268049,0.0029061351565782267,0.011054281290506784
cb7099bc7d7906a6,exclude_DELTA,full,1.883419465424073,0.11497576743335691,-0.141623862809498,1.0420895917630513,1429,75.77804761873905,0.12729954219471978,0.5454563858062654,0.13827707511844142,2370,0.11208602452333372,-0.14926896576284776,1.8115208571268049,0.0028897429100231964,0.007645102953349747
404585f6a003a069,exclude_DELTA,full,2.18739674732133,0.12651997882803512,-0.18560752587986273,0.9770273763137538,1533,118.23902512941055,0.19862973831489678,0.634058605066184,0.1598871437391669,2370,0.11208602452333372,-0.14926896576284776,1.8115208571268049,0.014433954304701402,-0.03633856011701497
d7efca813ffc6bbc,exclude_DELTA,recent,0.4992436948204564,0.15958245063176757,-0.08652852520504128,1.2817798906745326,338,13.771497707518545,0.02313473899886041,0.49410110730126505,0.153943144980333,671,0.14804175251595542,-0.0829686989403502,0.4587841445129568,0.011540698115812154,-0.0035598262646910905
a7cfff22c28520d3,exclude_DELTA,recent,0.4677661850304027,0.15062116156647853,-0.08213537366124612,1.2759477466349212,338,13.01915174580175,0.02187087301777237,0.4699442718192077,0.1464565088008484,671,0.14804175251595542,-0.0829686989403502,0.4587841445129568,0.002579409050523118,0.0008333252791040691
e9a522bb24938501,exclude_DELTA,recent,0.46904836595401167,0.15098855317296955,-0.08037587729300633,1.2602996057893656,330,12.899412469022474,0.021669723006710856,0.4940040882353237,0.15375394275717819,671,0.14804175251595542,-0.0829686989403502,0.4587841445129568,0.002946800657014137,0.002592821647343868
f4f5be7d82b85c48,exclude_DELTA,recent,0.4394894470979098,0.1424665485891794,-0.07629764362522495,1.2532843146301833,330,12.181848210321924,0.0204642868085198,0.46985368131551386,0.14624660497465586,671,0.14804175251595542,-0.0829686989403502,0.4587841445129568,-0.005575203926776018,0.0066710553151252405
cb7099bc7d7906a6,exclude_DELTA,recent,0.4337305224768844,0.14079332837346747,-0.07457260902482743,1.3423985226605577,321,10.595902000454196,0.017800055770563008,0.4447793356748855,0.13827707511844142,671,0.14804175251595542,-0.0829686989403502,0.4587841445129568,-0.007248424142487941,0.008396089915522764
404585f6a003a069,exclude_DELTA,recent,0.5248069799436865,0.1667725897608614,-0.09003054663007037,1.2858809658182295,338,14.378974371597925,0.024155239046847354,0.5134123823128526,0.15988714373916693,671,0.14804175251595542,-0.0829686989403502,0.4587841445129568,0.018730837244905985,-0.00706184768972018
d7efca813ffc6bbc,exclude_THAI,full,3.3956259226548466,0.1643518046531529,-0.13907729714210182,1.1994783370444204,1584,134.10416575880518,0.22528158805821683,0.6414558866521676,0.1550075714835393,2370,0.14942317930244786,-0.11854784028474907,2.8769426643526197,0.01492862535070505,-0.020529456857352746
a7cfff22c28520d3,exclude_THAI,full,3.087051737597882,0.15567455690930143,-0.1320156163376729,1.1991379245864764,1584,121.74352937225011,0.20451695499244282,0.6083100331824045,0.147902872970977,2370,0.14942317930244786,-0.11854784028474907,2.8769426643526197,0.00625137760685357,-0.013467776052923819
e9a522bb24938501,exclude_THAI,full,3.2636986194846394,0.1607110499657609,-0.1360914785536278,1.188550377310981,1531,117.25335242008715,0.19697390673050447,0.6412922501570392,0.15398958708928848,2370,0.14942317930244786,-0.11854784028474907,2.8769426643526197,0.011287870663313049,-0.017543638268878725
f4f5be7d82b85c48,exclude_THAI,full,2.9710602209216175,0.1522601213175523,-0.12926597695761488,1.1881233404588516,1531,106.54998103666084,0.1789933131434865,0.6081596045933176,0.14697579205395273,2370,0.14942317930244786,-0.11854784028474907,2.8769426643526197,0.0028369420151044267,-0.010718136672865808
cb7099bc7d7906a6,exclude_THAI,full,2.908888535375852,0.15039297015195108,-0.12375196386437959,1.242199155836137,1473,88.49179436503627,0.14865736535382443,0.5746720490317001,0.13985630516795589,2370,0.14942317930244786,-0.11854784028474907,2.8769426643526197,0.0009697908495032159,-0.005204123579630515
404585f6a003a069,exclude_THAI,full,3.6578316079034785,0.17130572624138796,-0.14470545692024583,1.1997339240388345,1584,144.61635708053024,0.24294101825958264,0.667963359939378,0.16061886095535824,2370,0.14942317930244786,-0.11854784028474907,2.8769426643526197,0.021882546938940095,-0.02615761663549676
d7efca813ffc6bbc,exclude_THAI,recent,0.6650917536893926,0.20492843351133927,-0.08329242998325703,1.5540155981648722,357,15.816279690041197,0.026569768251300207,0.5200066620358988,0.15200035467704273,671,0.18617535309385524,-0.086653839728562,0.5951649709117368,0.018753080417484025,0.0033614097453049663
a7cfff22c28520d3,exclude_THAI,recent,0.6247015740082704,0.19415890056066742,-0.0790313977779411,1.5543099810349905,357,14.91121756458909,0.025049354386753212,0.4945543501037818,0.144318209183914,671,0.18617535309385524,-0.086653839728562,0.5951649709117368,0.00798354746681218,0.007622441950620895
e9a522bb24938501,exclude_THAI,recent,0.6338512270351979,0.19661329175087872,-0.07910507084519947,1.5446803290363427,346,14.456658698860977,0.02428574094821656,0.5198567190934277,0.15062042377391088,671,0.18617535309385524,-0.086653839728562,0.5951649709117368,0.010437938657023471,0.007548768883362533
f4f5be7d82b85c48,exclude_THAI,recent,0.5956899982505499,0.18631807959250657,-0.07511873900896748,1.5436088391177984,346,13.614115309027687,0.02287035230763561,0.49440659510960866,0.14298256766661133,671,0.18617535309385524,-0.086653839728562,0.5951649709117368,0.00014272649865132436,0.011535100719594515
cb7099bc7d7906a6,exclude_THAI,recent,0.5454919697885436,0.17253484349005022,-0.07418571826897213,1.5486985416489591,339,11.760805100583646,0.019756976488470475,0.46791588834637543,0.13520879756377788,671,0.18617535309385524,-0.086653839728562,0.5951649709117368,-0.013640509603805029,0.012468121459589865
404585f6a003a069,exclude_THAI,recent,0.6980128444326161,0.21358446851284674,-0.08669171041167767,1.5535731092015825,357,16.550085807121356,0.02780248914738316,0.5403488582947166,0.15812148788839037,671,0.18617535309385524,-0.086653839728562,0.5951649709117368,0.027409115418991492,-3.7870683115670545e-05
d7efca813ffc6bbc,phase10,full,1.8228536231401118,0.11254588041573466,-0.1827038854244727,0.8627987692875185,1530,117.31180986497925,0.19707210939217867,0.608186444106785,0.12343736477911538,2370,0.11353402369604582,-0.15666753880176598,1.8473443639863056,-0.00098814328031116,-0.026036346622706708
a7cfff22c28520d3,phase10,full,1.6843483585563863,0.10680834571157649,-0.17325296447563343,0.8626683185260734,1530,107.41715056341815,0.18045007123148613,0.5763490146388782,0.11755056024464876,2370,0.11353402369604582,-0.15666753880176598,1.8473443639863056,-0.006725677984469325,-0.01658542567386745
e9a522bb24938501,phase10,full,2.3776710510872108,0.13325282772243718,-0.147822397772293,1.0059620379500331,1483,116.18559265672843,0.1951801771040381,0.6080877798915617,0.12292707168158044,2370,0.11353402369604582,-0.15666753880176598,1.8473443639863056,0.019718804026391368,0.00884514102947298
f4f5be7d82b85c48,phase10,full,2.1816549262677203,0.12631125287304368,-0.14037122055158668,1.0057487365411488,1483,105.82022060041824,0.1777673885866426,0.576290114617398,0.11708798866658879,2370,0.11353402369604582,-0.15666753880176598,1.8473443639863056,0.012777229176997862,0.016296318250179298
cb7099bc7d7906a6,phase10,full,1.7064942385727226,0.10774331495693645,-0.1548392125481589,0.9197506551947987,1418,77.63790286817064,0.13042391302823989,0.5442904401834002,0.1123590845612785,2370,0.11353402369604582,-0.15666753880176598,1.8473443639863056,-0.005790708739109363,0.001828326253607071
404585f6a003a069,phase10,full,1.9377940348289067,0.11711856007136356,-0.19024485659952273,0.8629038064342305,1530,125.61779323871957,0.21102533086172495,0.6336451957715843,0.1281030487903905,2370,0.11353402369604582,-0.15666753880176598,1.8473443639863056,0.0035845363753177484,-0.033577317797756745
d7efca813ffc6bbc,phase10,recent,0.22486492966769966,0.0769769824833193,-0.1350819009370432,0.6530537961768393,376,17.09197308989514,0.028712805593714842,0.5135665066081551,0.10289580263464221,671,0.07832709661795656,-0.11036618750325589,0.22906928821115669,-0.0013501141346372592,-0.024715713433787312
a7cfff22c28520d3,phase10,recent,0.21273683425914314,0.07306582954960517,-0.12823911997769633,0.6520075447811006,376,16.18101473865273,0.027182486659462733,0.4865787881615047,0.09769224308276907,671,0.07832709661795656,-0.11036618750325589,0.22906928821115669,-0.005261267068351394,-0.01787293247444044
e9a522bb24938501,phase10,recent,0.3007529197445362,0.10090895797256616,-0.10670892292818701,0.8378535430525902,367,16.3983475361182,0.02754758402592496,0.5135203248491781,0.09195771297314466,671,0.07832709661795656,-0.11036618750325589,0.22906928821115669,0.0225818613546096,0.003657264575068875
f4f5be7d82b85c48,phase10,recent,0.2836927921628032,0.09560769239410072,-0.10120826170892627,0.8366527994766899,367,15.502149001891462,0.026042060108277466,0.48658064434405157,0.08718443141676653,671,0.07832709661795656,-0.11036618750325589,0.22906928821115669,0.01728059577614416,0.009157925794329613
cb7099bc7d7906a6,phase10,recent,0.22124713221802583,0.07581287106873313,-0.101309564010991,0.7092587875905075,351,12.372771014947565,0.020785018028010416,0.45940229772837876,0.0826650753658069,671,0.07832709661795656,-0.11036618750325589,0.22906928821115669,-0.0025142255492234256,0.009056623492264881
404585f6a003a069,phase10,recent,0.23458305799061607,0.08009325886916874,-0.14053500323083423,0.6538890209440908,376,17.821645940073292,0.029938583014729136,0.5351552320518507,0.10704240366881396,671,0.07832709661795656,-0.11036618750325589,0.22906928821115669,0.0017661622512121777,-0.030168815727578346
