symbol,yahoo_symbol,company_and_sector,source_url,source_file
AAV,AAV.BK,ASIA AVIATION PUBLIC COMPANY LIMITED Transportation & Logistics,https://media.set.or.th/set/Documents/2026/Jul/SET50_SET100_H2_2026_revise.pdf,SET50_SET100_H2_2026_revise.pdf
ADVANC,ADVANC.BK,ADVANCED INFO SERVICE PUBLIC COMPANY LIMITED Information & Communication Technology,https://media.set.or.th/set/Documents/2026/Jul/SET50_SET100_H2_2026_revise.pdf,SET50_SET100_H2_2026_revise.pdf
AEONTS,AEONTS.BK,AEON THANA SINSAP (THAILAND) PUBLIC COMPANY LIMITED Finance & Securities,https://media.set.or.th/set/Documents/2026/Jul/SET50_SET100_H2_2026_revise.pdf,SET50_SET100_H2_2026_revise.pdf
AMATA,AMATA.BK,AMATA CORPORATION PUBLIC COMPANY LIMITED Property Development,https://media.set.or.th/set/Documents/2026/Jul/SET50_SET100_H2_2026_revise.pdf,SET50_SET100_H2_2026_revise.pdf
AOT,AOT.BK,AIRPORTS OF THAILAND PUBLIC COMPANY LIMITED Transportation & Logistics,https://media.set.or.th/set/Documents/2026/Jul/SET50_SET100_H2_2026_revise.pdf,SET50_SET100_H2_2026_revise.pdf
AP,AP.BK,AP (THAILAND) PUBLIC COMPANY LIMITED Property Development,https://media.set.or.th/set/Documents/2026/Jul/SET50_SET100_H2_2026_revise.pdf,SET50_SET100_H2_2026_revise.pdf
AURA,AURA.BK,Aurora Design Public Company Limited Fashion,https://media.set.or.th/set/Documents/2026/Jul/SET50_SET100_H2_2026_revise.pdf,SET50_SET100_H2_2026_revise.pdf
AWC,AWC.BK,ASSET WORLD CORP PUBLIC COMPANY LIMITED Property Development,https://media.set.or.th/set/Documents/2026/Jul/SET50_SET100_H2_2026_revise.pdf,SET50_SET100_H2_2026_revise.pdf
BA,BA.BK,BANGKOK AIRWAYS PUBLIC COMPANY LIMITED Transportation & Logistics,https://media.set.or.th/set/Documents/2026/Jul/SET50_SET100_H2_2026_revise.pdf,SET50_SET100_H2_2026_revise.pdf
BAM,BAM.BK,BANGKOK COMMERCIAL ASSET MANAGEMENT PUBLIC COMPANY LIMITED Finance & Securities,https://media.set.or.th/set/Documents/2026/Jul/SET50_SET100_H2_2026_revise.pdf,SET50_SET100_H2_2026_revise.pdf
BANPU,BANPU.BK,BANPU PUBLIC COMPANY LIMITED Energy & Utilities,https://media.set.or.th/set/Documents/2026/Jul/SET50_SET100_H2_2026_revise.pdf,SET50_SET100_H2_2026_revise.pdf
BBL,BBL.BK,BANGKOK BANK PUBLIC COMPANY LIMITED Banking,https://media.set.or.th/set/Documents/2026/Jul/SET50_SET100_H2_2026_revise.pdf,SET50_SET100_H2_2026_revise.pdf
BCH,BCH.BK,BANGKOK CHAIN HOSPITAL PUBLIC COMPANY LIMITED Health Care Services,https://media.set.or.th/set/Documents/2026/Jul/SET50_SET100_H2_2026_revise.pdf,SET50_SET100_H2_2026_revise.pdf
BCP,BCP.BK,BANGCHAK CORPORATION PUBLIC COMPANY LIMITED Energy & Utilities,https://media.set.or.th/set/Documents/2026/Jul/SET50_SET100_H2_2026_revise.pdf,SET50_SET100_H2_2026_revise.pdf
BCPG,BCPG.BK,BCPG PUBLIC COMPANY LIMITED Energy & Utilities,https://media.set.or.th/set/Documents/2026/Jul/SET50_SET100_H2_2026_revise.pdf,SET50_SET100_H2_2026_revise.pdf
BDMS,BDMS.BK,BANGKOK DUSIT MEDICAL SERVICES PUBLIC COMPANY LIMITED Health Care Services,https://media.set.or.th/set/Documents/2026/Jul/SET50_SET100_H2_2026_revise.pdf,SET50_SET100_H2_2026_revise.pdf
BEM,BEM.BK,BANGKOK EXPRESSWAY AND METRO  PUBLIC COMPANY LIMITED Transportation & Logistics,https://media.set.or.th/set/Documents/2026/Jul/SET50_SET100_H2_2026_revise.pdf,SET50_SET100_H2_2026_revise.pdf
BGRIM,BGRIM.BK,B.GRIMM POWER PUBLIC COMPANY LIMITED Energy & Utilities,https://media.set.or.th/set/Documents/2026/Jul/SET50_SET100_H2_2026_revise.pdf,SET50_SET100_H2_2026_revise.pdf
BH,BH.BK,BUMRUNGRAD HOSPITAL PUBLIC COMPANY LIMITED Health Care Services,https://media.set.or.th/set/Documents/2026/Jul/SET50_SET100_H2_2026_revise.pdf,SET50_SET100_H2_2026_revise.pdf
BJC,BJC.BK,BERLI JUCKER PUBLIC COMPANY LIMITED Commerce,https://media.set.or.th/set/Documents/2026/Jul/SET50_SET100_H2_2026_revise.pdf,SET50_SET100_H2_2026_revise.pdf
BLA,BLA.BK,BANGKOK LIFE ASSURANCE PUBLIC COMPANY LIMITED Insurance,https://media.set.or.th/set/Documents/2026/Jul/SET50_SET100_H2_2026_revise.pdf,SET50_SET100_H2_2026_revise.pdf
BTG,BTG.BK,BETAGRO PUBLIC COMPANY LIMITED Food & Beverage,https://media.set.or.th/set/Documents/2026/Jul/SET50_SET100_H2_2026_revise.pdf,SET50_SET100_H2_2026_revise.pdf
BTS,BTS.BK,BTS GROUP HOLDINGS PUBLIC COMPANY LIMITED Transportation & Logistics,https://media.set.or.th/set/Documents/2026/Jul/SET50_SET100_H2_2026_revise.pdf,SET50_SET100_H2_2026_revise.pdf
CBG,CBG.BK,CARABAO GROUP PUBLIC COMPANY LIMITED Food & Beverage,https://media.set.or.th/set/Documents/2026/Jul/SET50_SET100_H2_2026_revise.pdf,SET50_SET100_H2_2026_revise.pdf
CCET,CCET.BK,"CAL-COMP ELECTRONICS (THAILAND) PUBLIC CO., LTD. Electronic Components",https://media.set.or.th/set/Documents/2026/Jul/SET50_SET100_H2_2026_revise.pdf,SET50_SET100_H2_2026_revise.pdf
CENTEL,CENTEL.BK,CENTRAL PLAZA HOTEL PUBLIC COMPANY LIMITED Tourism & Leisure,https://media.set.or.th/set/Documents/2026/Jul/SET50_SET100_H2_2026_revise.pdf,SET50_SET100_H2_2026_revise.pdf
CHG,CHG.BK,CHULARAT HOSPITAL PUBLIC COMPANY LIMITED Health Care Services,https://media.set.or.th/set/Documents/2026/Jul/SET50_SET100_H2_2026_revise.pdf,SET50_SET100_H2_2026_revise.pdf
CK,CK.BK,CH. KARNCHANG PUBLIC COMPANY LIMITED Construction Services,https://media.set.or.th/set/Documents/2026/Jul/SET50_SET100_H2_2026_revise.pdf,SET50_SET100_H2_2026_revise.pdf
COM7,COM7.BK,COM7 PUBLIC COMPANY LIMITED Commerce,https://media.set.or.th/set/Documents/2026/Jul/SET50_SET100_H2_2026_revise.pdf,SET50_SET100_H2_2026_revise.pdf
CPALL,CPALL.BK,CP ALL PUBLIC COMPANY LIMITED Commerce,https://media.set.or.th/set/Documents/2026/Jul/SET50_SET100_H2_2026_revise.pdf,SET50_SET100_H2_2026_revise.pdf
CPF,CPF.BK,CHAROEN POKPHAND FOODS PUBLIC COMPANY LIMITED Food & Beverage,https://media.set.or.th/set/Documents/2026/Jul/SET50_SET100_H2_2026_revise.pdf,SET50_SET100_H2_2026_revise.pdf
CPN,CPN.BK,CENTRAL PATTANA PUBLIC COMPANY LIMITED Property Development,https://media.set.or.th/set/Documents/2026/Jul/SET50_SET100_H2_2026_revise.pdf,SET50_SET100_H2_2026_revise.pdf
CRC,CRC.BK,CENTRAL RETAIL CORPORATION PUBLIC COMPANY LIMITED Commerce,https://media.set.or.th/set/Documents/2026/Jul/SET50_SET100_H2_2026_revise.pdf,SET50_SET100_H2_2026_revise.pdf
DELTA,DELTA.BK,DELTA ELECTRONICS (THAILAND) PUBLIC COMPANY LIMITED Electronic Components,https://media.set.or.th/set/Documents/2026/Jul/SET50_SET100_H2_2026_revise.pdf,SET50_SET100_H2_2026_revise.pdf
DOHOME,DOHOME.BK,DOHOME PUBLIC COMPANY LIMITED Commerce,https://media.set.or.th/set/Documents/2026/Jul/SET50_SET100_H2_2026_revise.pdf,SET50_SET100_H2_2026_revise.pdf
EA,EA.BK,ENERGY ABSOLUTE PUBLIC COMPANY LIMITED Energy & Utilities,https://media.set.or.th/set/Documents/2026/Jul/SET50_SET100_H2_2026_revise.pdf,SET50_SET100_H2_2026_revise.pdf
EGCO,EGCO.BK,ELECTRICITY GENERATING PUBLIC COMPANY LIMITED Energy & Utilities,https://media.set.or.th/set/Documents/2026/Jul/SET50_SET100_H2_2026_revise.pdf,SET50_SET100_H2_2026_revise.pdf
ERW,ERW.BK,THE ERAWAN GROUP PUBLIC COMPANY LIMITED Tourism & Leisure,https://media.set.or.th/set/Documents/2026/Jul/SET50_SET100_H2_2026_revise.pdf,SET50_SET100_H2_2026_revise.pdf
GFPT,GFPT.BK,GFPT PUBLIC COMPANY LIMITED Agribusiness,https://media.set.or.th/set/Documents/2026/Jul/SET50_SET100_H2_2026_revise.pdf,SET50_SET100_H2_2026_revise.pdf
GLOBAL,GLOBAL.BK,SIAM GLOBAL HOUSE PUBLIC COMPANY LIMITED Commerce,https://media.set.or.th/set/Documents/2026/Jul/SET50_SET100_H2_2026_revise.pdf,SET50_SET100_H2_2026_revise.pdf
GPSC,GPSC.BK,GLOBAL POWER SYNERGY PUBLIC COMPANY LIMITED Energy & Utilities,https://media.set.or.th/set/Documents/2026/Jul/SET50_SET100_H2_2026_revise.pdf,SET50_SET100_H2_2026_revise.pdf
GST,GST.BK,GULF SPACE TECHNOLOGY PUBLIC COMPANY LIMITED Information & Communication Technology,https://media.set.or.th/set/Documents/2026/Jul/SET50_SET100_H2_2026_revise.pdf,SET50_SET100_H2_2026_revise.pdf
GULF,GULF.BK,GULF DEVELOPMENT PUBLIC COMPANY LIMITED Energy & Utilities,https://media.set.or.th/set/Documents/2026/Jul/SET50_SET100_H2_2026_revise.pdf,SET50_SET100_H2_2026_revise.pdf
GUNKUL,GUNKUL.BK,GUNKUL ENGINEERING PUBLIC COMPANY LIMITED Energy & Utilities,https://media.set.or.th/set/Documents/2026/Jul/SET50_SET100_H2_2026_revise.pdf,SET50_SET100_H2_2026_revise.pdf
HANA,HANA.BK,HANA MICROELECTRONICS PUBLIC COMPANY LIMITED Electronic Components,https://media.set.or.th/set/Documents/2026/Jul/SET50_SET100_H2_2026_revise.pdf,SET50_SET100_H2_2026_revise.pdf
HMPRO,HMPRO.BK,HOME PRODUCT CENTER PUBLIC COMPANY LIMITED Commerce,https://media.set.or.th/set/Documents/2026/Jul/SET50_SET100_H2_2026_revise.pdf,SET50_SET100_H2_2026_revise.pdf
ICHI,ICHI.BK,ICHITAN GROUP PUBLIC COMPANY LIMITED Food & Beverage,https://media.set.or.th/set/Documents/2026/Jul/SET50_SET100_H2_2026_revise.pdf,SET50_SET100_H2_2026_revise.pdf
IRPC,IRPC.BK,IRPC PUBLIC COMPANY LIMITED Energy & Utilities,https://media.set.or.th/set/Documents/2026/Jul/SET50_SET100_H2_2026_revise.pdf,SET50_SET100_H2_2026_revise.pdf
IVL,IVL.BK,INDORAMA VENTURES PUBLIC COMPANY LIMITED Petrochemicals & Chemicals,https://media.set.or.th/set/Documents/2026/Jul/SET50_SET100_H2_2026_revise.pdf,SET50_SET100_H2_2026_revise.pdf
JMART,JMART.BK,JAYMART GROUP HOLDINGS PUBLIC COMPANY LIMITED Information & Communication Technology,https://media.set.or.th/set/Documents/2026/Jul/SET50_SET100_H2_2026_revise.pdf,SET50_SET100_H2_2026_revise.pdf
JMT,JMT.BK,JMT NETWORK SERVICES PUBLIC COMPANY LIMITED Finance & Securities,https://media.set.or.th/set/Documents/2026/Jul/SET50_SET100_H2_2026_revise.pdf,SET50_SET100_H2_2026_revise.pdf
KBANK,KBANK.BK,KASIKORNBANK PUBLIC COMPANY LIMITED Banking,https://media.set.or.th/set/Documents/2026/Jul/SET50_SET100_H2_2026_revise.pdf,SET50_SET100_H2_2026_revise.pdf
KCE,KCE.BK,KCE ELECTRONICS PUBLIC COMPANY LIMITED Electronic Components,https://media.set.or.th/set/Documents/2026/Jul/SET50_SET100_H2_2026_revise.pdf,SET50_SET100_H2_2026_revise.pdf
KKP,KKP.BK,KIATNAKIN PHATRA BANK PUBLIC COMPANY LIMITED Banking,https://media.set.or.th/set/Documents/2026/Jul/SET50_SET100_H2_2026_revise.pdf,SET50_SET100_H2_2026_revise.pdf
KTB,KTB.BK,KRUNG THAI BANK PUBLIC COMPANY LIMITED Banking,https://media.set.or.th/set/Documents/2026/Jul/SET50_SET100_H2_2026_revise.pdf,SET50_SET100_H2_2026_revise.pdf
KTC,KTC.BK,KRUNGTHAI CARD PUBLIC COMPANY LIMITED Finance & Securities,https://media.set.or.th/set/Documents/2026/Jul/SET50_SET100_H2_2026_revise.pdf,SET50_SET100_H2_2026_revise.pdf
LH,LH.BK,LAND AND HOUSES PUBLIC COMPANY LIMITED Property Development,https://media.set.or.th/set/Documents/2026/Jul/SET50_SET100_H2_2026_revise.pdf,SET50_SET100_H2_2026_revise.pdf
M,M.BK,MK RESTAURANT GROUP PUBLIC COMPANY LIMITED Food & Beverage,https://media.set.or.th/set/Documents/2026/Jul/SET50_SET100_H2_2026_revise.pdf,SET50_SET100_H2_2026_revise.pdf
MEGA,MEGA.BK,MEGA LIFESCIENCES PUBLIC COMPANY LIMITED Commerce,https://media.set.or.th/set/Documents/2026/Jul/SET50_SET100_H2_2026_revise.pdf,SET50_SET100_H2_2026_revise.pdf
MINT,MINT.BK,MINOR INTERNATIONAL PUBLIC COMPANY LIMITED Tourism & Leisure,https://media.set.or.th/set/Documents/2026/Jul/SET50_SET100_H2_2026_revise.pdf,SET50_SET100_H2_2026_revise.pdf
MOSHI,MOSHI.BK,Moshi Moshi Retail Corporation Public Company Limited Commerce,https://media.set.or.th/set/Documents/2026/Jul/SET50_SET100_H2_2026_revise.pdf,SET50_SET100_H2_2026_revise.pdf
MRDIYT,MRDIYT.BK,MR. D.I.Y. HOLDING (THAILAND) PUBLIC COMPANY LIMITED Commerce,https://media.set.or.th/set/Documents/2026/Jul/SET50_SET100_H2_2026_revise.pdf,SET50_SET100_H2_2026_revise.pdf
MTC,MTC.BK,MUANGTHAI CAPITAL PUBLIC COMPANY LIMITED Finance & Securities,https://media.set.or.th/set/Documents/2026/Jul/SET50_SET100_H2_2026_revise.pdf,SET50_SET100_H2_2026_revise.pdf
OR,OR.BK,PTT OIL AND RETAIL BUSINESS PUBLIC COMPANY LIMITED Energy & Utilities,https://media.set.or.th/set/Documents/2026/Jul/SET50_SET100_H2_2026_revise.pdf,SET50_SET100_H2_2026_revise.pdf
OSP,OSP.BK,OSOTSPA PUBLIC COMPANY LIMITED Food & Beverage,https://media.set.or.th/set/Documents/2026/Jul/SET50_SET100_H2_2026_revise.pdf,SET50_SET100_H2_2026_revise.pdf
PLANB,PLANB.BK,PLAN B MEDIA PUBLIC COMPANY LIMITED Media & Publishing,https://media.set.or.th/set/Documents/2026/Jul/SET50_SET100_H2_2026_revise.pdf,SET50_SET100_H2_2026_revise.pdf
PR9,PR9.BK,PRARAM,https://media.set.or.th/set/Documents/2026/Jul/SET50_SET100_H2_2026_revise.pdf,SET50_SET100_H2_2026_revise.pdf
PRM,PRM.BK,PRIMA MARINE PUBLIC COMPANY LIMITED Transportation & Logistics,https://media.set.or.th/set/Documents/2026/Jul/SET50_SET100_H2_2026_revise.pdf,SET50_SET100_H2_2026_revise.pdf
PTG,PTG.BK,PTG ENERGY PUBLIC COMPANY LIMITED Energy & Utilities,https://media.set.or.th/set/Documents/2026/Jul/SET50_SET100_H2_2026_revise.pdf,SET50_SET100_H2_2026_revise.pdf
PTT,PTT.BK,PTT PUBLIC COMPANY LIMITED Energy & Utilities,https://media.set.or.th/set/Documents/2026/Jul/SET50_SET100_H2_2026_revise.pdf,SET50_SET100_H2_2026_revise.pdf
PTTEP,PTTEP.BK,PTT EXPLORATION AND PRODUCTION PUBLIC COMPANY LIMITED Energy & Utilities,https://media.set.or.th/set/Documents/2026/Jul/SET50_SET100_H2_2026_revise.pdf,SET50_SET100_H2_2026_revise.pdf
PTTGC,PTTGC.BK,PTT GLOBAL CHEMICAL PUBLIC COMPANY LIMITED Petrochemicals & Chemicals,https://media.set.or.th/set/Documents/2026/Jul/SET50_SET100_H2_2026_revise.pdf,SET50_SET100_H2_2026_revise.pdf
QH,QH.BK,QUALITY HOUSES PUBLIC COMPANY LIMITED Property Development,https://media.set.or.th/set/Documents/2026/Jul/SET50_SET100_H2_2026_revise.pdf,SET50_SET100_H2_2026_revise.pdf
RATCH,RATCH.BK,RATCH GROUP PUBLIC COMPANY LIMITED Energy & Utilities,https://media.set.or.th/set/Documents/2026/Jul/SET50_SET100_H2_2026_revise.pdf,SET50_SET100_H2_2026_revise.pdf
RCL,RCL.BK,REGIONAL CONTAINER LINES PUBLIC COMPANY LIMITED Transportation & Logistics,https://media.set.or.th/set/Documents/2026/Jul/SET50_SET100_H2_2026_revise.pdf,SET50_SET100_H2_2026_revise.pdf
SAWAD,SAWAD.BK,SRISAWAD CORPORATION PUBLIC COMPANY LIMITED Finance & Securities,https://media.set.or.th/set/Documents/2026/Jul/SET50_SET100_H2_2026_revise.pdf,SET50_SET100_H2_2026_revise.pdf
SCB,SCB.BK,SCB X PUBLIC COMPANY LIMITED Banking,https://media.set.or.th/set/Documents/2026/Jul/SET50_SET100_H2_2026_revise.pdf,SET50_SET100_H2_2026_revise.pdf
SCC,SCC.BK,THE SIAM CEMENT PUBLIC COMPANY LIMITED Construction Materials,https://media.set.or.th/set/Documents/2026/Jul/SET50_SET100_H2_2026_revise.pdf,SET50_SET100_H2_2026_revise.pdf
SCGP,SCGP.BK,SCG PACKAGING PUBLIC COMPANY LIMITED Packaging,https://media.set.or.th/set/Documents/2026/Jul/SET50_SET100_H2_2026_revise.pdf,SET50_SET100_H2_2026_revise.pdf
SIRI,SIRI.BK,SANSIRI PUBLIC COMPANY LIMITED Property Development,https://media.set.or.th/set/Documents/2026/Jul/SET50_SET100_H2_2026_revise.pdf,SET50_SET100_H2_2026_revise.pdf
SPALI,SPALI.BK,SUPALAI PUBLIC COMPANY LIMITED Property Development,https://media.set.or.th/set/Documents/2026/Jul/SET50_SET100_H2_2026_revise.pdf,SET50_SET100_H2_2026_revise.pdf
SPRC,SPRC.BK,STAR PETROLEUM REFINING PUBLIC COMPANY LIMITED Energy & Utilities,https://media.set.or.th/set/Documents/2026/Jul/SET50_SET100_H2_2026_revise.pdf,SET50_SET100_H2_2026_revise.pdf
STA,STA.BK,SRI TRANG AGRO-INDUSTRY PUBLIC COMPANY LIMITED Agribusiness,https://media.set.or.th/set/Documents/2026/Jul/SET50_SET100_H2_2026_revise.pdf,SET50_SET100_H2_2026_revise.pdf
STECON,STECON.BK,STECON GROUP PUBLIC COMPANY LIMITED Construction Services,https://media.set.or.th/set/Documents/2026/Jul/SET50_SET100_H2_2026_revise.pdf,SET50_SET100_H2_2026_revise.pdf
STGT,STGT.BK,SRI TRANG GLOVES (THAILAND) PUBLIC COMPANY LIMITED Personal Products & Pharmaceuticals,https://media.set.or.th/set/Documents/2026/Jul/SET50_SET100_H2_2026_revise.pdf,SET50_SET100_H2_2026_revise.pdf
TASCO,TASCO.BK,TIPCO ASPHALT PUBLIC COMPANY LIMITED Construction Materials,https://media.set.or.th/set/Documents/2026/Jul/SET50_SET100_H2_2026_revise.pdf,SET50_SET100_H2_2026_revise.pdf
TCAP,TCAP.BK,THANACHART CAPITAL PUBLIC COMPANY LIMITED Banking,https://media.set.or.th/set/Documents/2026/Jul/SET50_SET100_H2_2026_revise.pdf,SET50_SET100_H2_2026_revise.pdf
TFG,TFG.BK,THAIFOODS GROUP PUBLIC COMPANY LIMITED Food & Beverage,https://media.set.or.th/set/Documents/2026/Jul/SET50_SET100_H2_2026_revise.pdf,SET50_SET100_H2_2026_revise.pdf
THAI,THAI.BK,THAI AIRWAYS INTERNATIONAL PUBLIC COMPANY LIMITED Transportation & Logistics,https://media.set.or.th/set/Documents/2026/Jul/SET50_SET100_H2_2026_revise.pdf,SET50_SET100_H2_2026_revise.pdf
TIDLOR,TIDLOR.BK,TIDLOR HOLDINGS PUBLIC COMPANY LIMITED Finance & Securities,https://media.set.or.th/set/Documents/2026/Jul/SET50_SET100_H2_2026_revise.pdf,SET50_SET100_H2_2026_revise.pdf
TISCO,TISCO.BK,TISCO FINANCIAL GROUP PUBLIC COMPANY LIMITED Banking,https://media.set.or.th/set/Documents/2026/Jul/SET50_SET100_H2_2026_revise.pdf,SET50_SET100_H2_2026_revise.pdf
TLI,TLI.BK,THAI LIFE INSURANCE PUBLIC COMPANY LIMITED Insurance,https://media.set.or.th/set/Documents/2026/Jul/SET50_SET100_H2_2026_revise.pdf,SET50_SET100_H2_2026_revise.pdf
TOA,TOA.BK,TOA PAINT (THAILAND) PUBLIC COMPANY LIMITED Construction Materials,https://media.set.or.th/set/Documents/2026/Jul/SET50_SET100_H2_2026_revise.pdf,SET50_SET100_H2_2026_revise.pdf
TOP,TOP.BK,THAI OIL PUBLIC COMPANY LIMITED Energy & Utilities,https://media.set.or.th/set/Documents/2026/Jul/SET50_SET100_H2_2026_revise.pdf,SET50_SET100_H2_2026_revise.pdf
TRUE,TRUE.BK,TRUE CORPORATION PUBLIC COMPANY LIMITED Information & Communication Technology,https://media.set.or.th/set/Documents/2026/Jul/SET50_SET100_H2_2026_revise.pdf,SET50_SET100_H2_2026_revise.pdf
TTB,TTB.BK,TMBTHANACHART BANK PUBLIC COMPANY LIMITED Banking,https://media.set.or.th/set/Documents/2026/Jul/SET50_SET100_H2_2026_revise.pdf,SET50_SET100_H2_2026_revise.pdf
TU,TU.BK,THAI UNION GROUP PUBLIC COMPANY LIMITED Food & Beverage,https://media.set.or.th/set/Documents/2026/Jul/SET50_SET100_H2_2026_revise.pdf,SET50_SET100_H2_2026_revise.pdf
VGI,VGI.BK,VGI PUBLIC COMPANY LIMITED Media & Publishing,https://media.set.or.th/set/Documents/2026/Jul/SET50_SET100_H2_2026_revise.pdf,SET50_SET100_H2_2026_revise.pdf
WHA,WHA.BK,WHA CORPORATION PUBLIC COMPANY LIMITED Property Development,https://media.set.or.th/set/Documents/2026/Jul/SET50_SET100_H2_2026_revise.pdf,SET50_SET100_H2_2026_revise.pdf
WHAUP,WHAUP.BK,WHA UTILITIES AND POWER PUBLIC COMPANY LIMITED Energy & Utilities,https://media.set.or.th/set/Documents/2026/Jul/SET50_SET100_H2_2026_revise.pdf,SET50_SET100_H2_2026_revise.pdf
