name,candidate,total_return,cagr,max_drawdown,sharpe_rf0,fills,turnover_initial_capital,fees_fraction_initial_capital,mean_exposure,max_single_weight,sessions,halted,mean_positions,excluded_gross_dividend_entitlements_thb,ending_odd_lot_value_thb,ending_cash_thb,scenario,period,benchmark_cagr,benchmark_total_return,benchmark_drawdown,excess_cagr
original_15,e9a522bb24938501,0.5155729533955886,0.04365788323130437,-0.08779669339644824,0.776610368930147,414,25.50444266799551,0.042844913237965646,0.22922813714118562,0.1430246494137574,2365,False,6.4600422832980975,2621.787302579874,295.17987928215143,31999.008863729305,base,full,0.03924387024782661,0.4543414316491119,-0.4015950142279635,0.004414012983477766
original_15,e9a522bb24938501,0.22692006936260145,0.07755672780432188,-0.034095505399023396,1.3564214907585028,94,4.818602580007711,0.008094770474154953,0.15859330960883575,0.15189751117662634,665,False,2.9669172932330827,503.27,0.0,26535.60219722631,base,recent,0.027285600573785374,0.0764869341510126,-0.3180000659234329,0.050271127230536505
original_15,e9a522bb24938501,0.38959509742478393,0.03439126808846282,-0.10923379174921866,0.6465402938627706,409,23.736686370109243,0.14801121114245452,0.21729585583064379,0.13114941849043865,2365,False,6.255813953488372,2378.287302579874,295.17987928215143,29973.673180790473,minimum_fee,full,0.036478241129486166,0.41711680445821053,-0.40875725192273515,-0.0020869730410233434
original_15,e9a522bb24938501,0.20472904494864386,0.07039690918406039,-0.035669002652117476,1.2276758219138675,93,4.795225612179835,0.030675829065018936,0.15936558138007048,0.15265901322914263,665,False,2.9669172932330827,503.27,0.0,26167.871466714932,minimum_fee,recent,0.02368237692909525,0.06618084131568414,-0.32157317655864115,0.046714532254965135
original_15,e9a522bb24938501,0.3660564303222267,0.03257669457309165,-0.10842787161678169,0.6167990220231746,403,23.131960891583105,0.14822201741238197,0.2144592869298207,0.1333443794505315,2365,False,6.229175475687104,2345.1073025798737,295.17987928215143,30110.513150547617,higher_cost,full,0.03631881514662427,0.41499727146632615,-0.40846734042638255,-0.0037421205735326257
original_15,e9a522bb24938501,0.19993390469234673,0.06883880509743068,-0.036720838564370695,1.1988317295475401,93,4.795317878835202,0.03067583597579143,0.1597193574174558,0.1528196639890811,665,False,2.9669172932330827,503.27,0.0,26024.01725902602,higher_cost,recent,0.023036374394881376,0.06433976634308136,-0.32147996136395385,0.0458024307025493
original_15,e9a522bb24938501,0.6433200666858663,0.05237396453767751,-0.09139350936008694,0.9022009940100458,432,28.016737381982693,0.04706531712799274,0.22916344318075713,0.13623460235545518,2365,False,6.449048625792812,2988.2526504965404,295.17987928215143,31494.422273881726,delay_one,full,0.03924387024782661,0.4543414316491119,-0.4015950142279635,0.013130094289850902
original_15,e9a522bb24938501,0.21568892393349715,0.07394342500728945,-0.03277344618033973,1.3409516005587128,90,4.768037350383599,0.00800982594490941,0.14452483052578,0.15246114120497117,665,False,2.6751879699248122,625.27,0.0,26496.66783626053,delay_one,recent,0.027285600573785374,0.0764869341510126,-0.3180000659234329,0.04665782443350408
original_15,e9a522bb24938501,0.5155137302362529,0.0436536918873891,-0.08779669339644824,0.7789719740734304,410,25.27777667117379,0.04246413702990484,0.22849270226862547,0.1430246494137574,2365,False,6.4422832980972515,2621.787302579874,295.17987928215143,31997.232168949242,morning_only,full,0.03924387024782661,0.4543414316491119,-0.4015950142279635,0.0044098216395624945
original_15,e9a522bb24938501,0.22692006936260145,0.07755672780432188,-0.034095505399023396,1.3564214907585028,94,4.818602580007711,0.008094770474154953,0.15859330960883575,0.15189751117662634,665,False,2.9669172932330827,503.27,0.0,26535.60219722631,morning_only,recent,0.027285600573785374,0.0764869341510126,-0.3180000659234329,0.050271127230536505
original_15,e9a522bb24938501,0.4780462536951342,0.040972117614484826,-0.08450695333012992,0.7348951835172757,412,25.469823901754655,0.04278675717255764,0.227213423563901,0.14320556234713444,2365,False,6.4156448202959835,2571.787302579874,295.17987928215143,32323.207872715677,close_only,full,0.03924387024782661,0.4543414316491119,-0.4015950142279635,0.0017282473666582199
original_15,e9a522bb24938501,0.20160045537115123,0.06938077142744237,-0.03830403683745964,1.2179930969817194,93,4.813484648402533,0.008086172860851414,0.16007830145865223,0.1528690663456048,665,False,2.9669172932330827,503.27,0.0,26074.013779390152,close_only,recent,0.027285600573785374,0.0764869341510126,-0.3180000659234329,0.042095170853656994
original_15,e9a522bb24938501,0.3664323466274937,0.032605893308002454,-0.0921105193351045,0.6918657976630258,600,17.92815815250545,0.0301175128803939,0.20396607726224464,0.08384394161085963,2365,False,7.470190274841437,2000.5835957511702,383.6897191105181,26116.28069688043,missed_fills,full,0.03924387024782661,0.4543414316491119,-0.4015950142279635,-0.006637976939824153
original_15,e9a522bb24938501,0.14788175014091642,0.05166503361891994,-0.03646664903459973,1.1709317258844316,132,3.327941446327766,0.005590608835686015,0.13846586306324998,0.09358467472713057,665,False,3.401503759398496,371.24,0.0,20489.452477524614,missed_fills,recent,0.027285600573785374,0.0764869341510126,-0.3180000659234329,0.02437943304513457
original_15,e9a522bb24938501,0.46546237834613513,0.040057787899387964,-0.0865257421250567,0.7027675357588754,438,26.36530895194357,0.04429108250836998,0.22438152260929534,0.10456337057862272,2365,False,5.775475687103594,2443.0742897838422,252.82154594881814,26678.049907432065,phase_10,full,0.03924387024782661,0.4543414316491119,-0.4015950142279635,0.0008139176515613578
original_15,e9a522bb24938501,0.1703150042623678,0.05912589850878969,-0.0653727995333876,1.0175513359183639,98,5.181253266116381,0.008703987361748907,0.15660442257046495,0.089345703859585,665,False,2.9368421052631577,564.52,0.0,21985.45019844293,phase_10,recent,0.027285600573785374,0.0764869341510126,-0.3180000659234329,0.031840297935004314
original_15,e9a522bb24938501,0.33258755394067596,0.029947701352726952,-0.08625071661989892,0.5682886673091583,425,23.150308268109185,0.03889020285959662,0.22182360545095717,0.13964585240957061,2365,False,6.399577167019028,2177.938853274318,295.17987928215143,26566.446897248064,exclude_top3,full,0.006841551805900847,0.06859404794501578,-0.4518424224607587,0.023106149546826105
original_15,e9a522bb24938501,0.23049511597460715,0.07870249037328092,-0.04455979508964891,1.290268787957163,103,5.238394717976649,0.008799979286728975,0.16814131711971195,0.15189751117662634,665,False,3.130827067669173,523.27,0.0,24737.853624196705,exclude_top3,recent,0.016873772398201092,0.04687803450940686,-0.3124935645312299,0.06182871797507983
original_15,e9a522bb24938501,0.2636716128099206,0.02434229430190138,-0.08593460821632237,0.5218264654539544,391,21.681464096629227,0.036422691535927434,0.19024659604874258,0.09347776215661005,2365,False,3.595771670190275,2407.6972,0.0,27868.14842435194,exclude_complex_actions,full,0.03530402869202165,0.40157245300140065,-0.3697472936685683,-0.01096173439012027
original_15,e9a522bb24938501,0.043146380637632875,0.015548349307033638,-0.05633844441500435,0.36488704819349477,94,4.423226902676423,0.007430578873806123,0.1515269123328699,0.09345770429681015,665,False,2.8721804511278197,634.59,0.0,23837.391449646566,exclude_complex_actions,recent,0.009824843511492487,0.02712914797741739,-0.2829732322408285,0.005723505795541151
affordable_5_exit0,19da3fad9eb1d863,0.638070539534652,0.0520279740835865,-0.3787853177684587,0.42743894206656624,408,74.31468975122091,0.12484124731307605,0.5066989099782604,0.22722034139700506,2365,False,3.961522198731501,5276.082256807512,617.3708920187795,6869.745656417021,base,full,0.03924387024782661,0.4543414316491119,-0.4015950142279635,0.012784103835759897
affordable_5_exit0,19da3fad9eb1d863,0.10446711708113265,0.03695893162447783,-0.24631961796654644,0.3310764266276217,100,12.948367806260585,0.02175196307773716,0.40796425866652236,0.255258153859402,665,False,2.5879699248120303,733.5,0.0,4924.013760389304,base,recent,0.027285600573785374,0.0764869341510126,-0.3180000659234329,0.009673331050692457
affordable_5_exit0,19da3fad9eb1d863,0.5945243797421476,0.04911890667739671,-0.3863695415490841,0.407934934661701,411,72.65212379936753,0.16077471536540233,0.5067804757339764,0.23400559016546404,2365,False,3.961522198731501,5176.082256807512,617.3708920187795,6571.360855012489,minimum_fee,full,0.036478241129486166,0.41711680445821053,-0.40875725192273515,0.012640665547910546
affordable_5_exit0,19da3fad9eb1d863,0.09325764752941001,0.03310247477327821,-0.22742648493514395,0.3091684436719929,107,13.405233467964328,0.033504569782449985,0.4016758605349288,0.2570734553618684,665,False,2.5879699248120303,733.5,0.0,4587.729673837624,minimum_fee,recent,0.02368237692909525,0.06618084131568414,-0.32157317655864115,0.009420097844182962
affordable_5_exit0,19da3fad9eb1d863,0.4795097013133991,0.041077996223470414,-0.41514240522426615,0.35560263504499556,416,69.5904382550262,0.20989359646492495,0.5065627208805967,0.23334235422194202,2365,False,3.952642706131078,5029.582256807512,617.3708920187795,6421.9204773545025,higher_cost,full,0.03631881514662427,0.41499727146632615,-0.40846734042638255,0.004759181076846142
affordable_5_exit0,19da3fad9eb1d863,0.0970892236816987,0.03442348489288505,-0.237397297051552,0.31519041340551274,104,12.742755168676377,0.04016169121304131,0.4024992858517493,0.25394420115091676,665,False,2.5879699248120303,733.5,0.0,4702.676958406284,higher_cost,recent,0.023036374394881376,0.06433976634308136,-0.32147996136395385,0.011387110498003672
affordable_5_exit0,19da3fad9eb1d863,0.7993622885128562,0.06223089577973373,-0.30554073984253394,0.4984173967706376,405,74.76486660249145,0.1255974994055254,0.49460947250926385,0.23513043435012188,2365,False,3.8701902748414376,5358.582195305164,617.3708920187795,9610.49817153951,delay_one,full,0.03924387024782661,0.4543414316491119,-0.4015950142279635,0.022987025531907124
affordable_5_exit0,19da3fad9eb1d863,0.07124860141338485,0.025456920520384285,-0.21686685243576953,0.27219185003884855,94,12.482635328338942,0.020969579088076583,0.3484030705849986,0.21847971858277734,665,False,2.2330827067669174,628.0,0.0,4935.45828272747,delay_one,recent,0.027285600573785374,0.0764869341510126,-0.3180000659234329,-0.0018286800534010883
affordable_5_exit0,19da3fad9eb1d863,0.5661296107432956,0.04718337780091253,-0.36624701333293297,0.433027165237509,322,54.696938044733514,0.0918853862213478,0.42226781417304404,0.2442415946058963,2365,False,3.6135306553911204,4565.414556807512,617.3708920187795,17513.517790768976,morning_only,full,0.03924387024782661,0.4543414316491119,-0.4015950142279635,0.007939507553085923
affordable_5_exit0,19da3fad9eb1d863,0.04715804792233014,0.01697310759456916,-0.16982874175748575,0.21325593350925542,81,10.090843507984877,0.01695160800906379,0.31164455913617733,0.21686057580049842,665,False,2.2030075187969924,431.5,0.0,13882.741658922343,morning_only,recent,0.027285600573785374,0.0764869341510126,-0.3180000659234329,-0.010312492979216215
affordable_5_exit0,19da3fad9eb1d863,0.6941979448012807,0.05567684257218075,-0.3271728309783323,0.49882540948058957,314,56.130718808445636,0.09429399452630784,0.42388838593895894,0.24384491169960434,2365,False,3.6312896405919664,4596.414556807512,617.3708920187795,18014.56782776732,close_only,full,0.03924387024782661,0.4543414316491119,-0.4015950142279635,0.016432972324354145
affordable_5_exit0,19da3fad9eb1d863,0.0581222918508717,0.02084950915226602,-0.18264923514622944,0.24926728686791738,82,10.203698934626184,0.017141193840278523,0.31851566057557407,0.2189869302143789,665,False,2.2977443609022554,665.0,0.0,14211.66897677859,close_only,recent,0.027285600573785374,0.0764869341510126,-0.3180000659234329,-0.006436091421519352
affordable_5_exit0,19da3fad9eb1d863,0.5306298715185929,0.04471875379476864,-0.33564783455584624,0.4443576847202539,615,44.86885227204706,0.07537518493181183,0.419068282637203,0.23497061561378008,2365,False,5.6021141649048625,4597.228811416923,453.93892801251957,8136.9574349830145,missed_fills,full,0.03924387024782661,0.4543414316491119,-0.4015950142279635,0.005474883546942033
affordable_5_exit0,19da3fad9eb1d863,0.02181682976841559,0.007914068246227535,-0.1988857993454226,0.13310724416774325,143,7.48181285883387,0.012568697421555015,0.315087804079457,0.20765200625282765,665,False,3.231578947368421,584.5,0.0,9012.504980790505,missed_fills,recent,0.027285600573785374,0.0764869341510126,-0.3180000659234329,-0.01937153232755784
affordable_5_exit0,19da3fad9eb1d863,1.3690170280888259,0.09268490454404077,-0.290078916771944,0.6789878703423702,422,84.474342300905,0.14190844763129035,0.5213958835318256,0.24477823929224987,2365,False,5.680338266384778,8973.075783534858,1028.2946286148874,12877.21682440145,phase_10,full,0.03924387024782661,0.4543414316491119,-0.4015950142279635,0.05344103429621416
affordable_5_exit0,19da3fad9eb1d863,0.21304954575111035,0.07309120781104972,-0.20654094484035168,0.5661512971586047,110,12.656358693495987,0.02126141696920391,0.3570650986010418,0.21933489660304142,665,False,2.3233082706766917,799.5,0.0,7221.486677709097,phase_10,recent,0.027285600573785374,0.0764869341510126,-0.3180000659234329,0.045805607237264345
affordable_5_exit0,19da3fad9eb1d863,0.4284256896093699,0.03732526838772898,-0.33943303066787933,0.3325077829270969,432,70.271907454461,0.11804977733274905,0.5163197749047955,0.2556432065167331,2365,False,4.014799154334038,4671.165464788732,556.3380281690138,5818.432972917259,exclude_top3,full,0.006841551805900847,0.06859404794501578,-0.4518424224607587,0.030483716581828135
affordable_5_exit0,19da3fad9eb1d863,0.02429447305911836,0.008806028620051976,-0.23911483701773084,0.1348655257531492,94,11.084829612350859,0.018621405265788208,0.3783129004243375,0.25329708302158815,665,False,2.4616541353383457,777.0,0.0,7219.834414933339,exclude_top3,recent,0.016873772398201092,0.04687803450940686,-0.3124935645312299,-0.008067743778149117
affordable_5_exit0,19da3fad9eb1d863,0.6897065009457888,0.05538887559275829,-0.34717267090413095,0.47327500849261656,412,74.85894286160944,0.12575553811321777,0.49371253284118144,0.25420436514153044,2365,False,3.213953488372093,6140.809499999999,0.0,10708.195083686773,exclude_complex_actions,full,0.03530402869202165,0.40157245300140065,-0.3697472936685683,0.02008484690073664
affordable_5_exit0,19da3fad9eb1d863,0.017564226826609852,0.0063799102820272235,-0.23825592249915972,0.11611461174134284,104,12.725531042637428,0.02137761959852661,0.42013155176350014,0.24896159540383825,665,False,2.745864661654135,1084.2,0.0,7044.926835315872,exclude_complex_actions,recent,0.009824843511492487,0.02712914797741739,-0.2829732322408285,-0.0034449332294652635
affordable_5_exit3,43dda1d1ff59253d,0.546124133421827,0.04580070771973754,-0.3973631435626248,0.39256920900924985,430,73.60092284084114,0.12364219028032904,0.45793846795449134,0.23576388354474986,2365,False,3.6482029598308667,4540.082256807512,617.3708920187795,7412.353448236736,base,full,0.03924387024782661,0.4543414316491119,-0.4015950142279635,0.006556837471910937
affordable_5_exit3,43dda1d1ff59253d,0.09293626491873153,0.03299153839070357,-0.2460962309342829,0.3134925373542128,112,14.452475301160414,0.024278713258419377,0.33861018919772445,0.2519093923799138,665,False,2.1909774436090226,735.0,0.0,4578.088195517266,base,recent,0.027285600573785374,0.0764869341510126,-0.3180000659234329,0.005705937816918194
affordable_5_exit3,43dda1d1ff59253d,0.5062768330610907,0.04299817197948852,-0.395899965154348,0.37625281612492206,438,72.38555644694284,0.16462073811630856,0.45550621270224395,0.2383908108608551,2365,False,3.6482029598308667,4345.582256807512,617.3708920187795,6514.934439321999,minimum_fee,full,0.036478241129486166,0.41711680445821053,-0.40875725192273515,0.006519930850002353
affordable_5_exit3,43dda1d1ff59253d,0.10849953158315429,0.03834014772994232,-0.25006975465046977,0.34777402473625435,109,13.792282735050518,0.03527561279916436,0.3401683800284528,0.25390567321530133,665,False,2.1909774436090226,743.5,0.0,5044.986195449952,minimum_fee,recent,0.02368237692909525,0.06618084131568414,-0.32157317655864115,0.01465777080084707
affordable_5_exit3,43dda1d1ff59253d,0.33176120127990116,0.029882044736251334,-0.4543592432007031,0.283934285528816,426,67.09070857430504,0.2046839582132593,0.45482502765742855,0.25461494802864354,2365,False,3.6570824524312897,4133.312356807512,617.3708920187795,4683.465434387901,higher_cost,full,0.03631881514662427,0.41499727146632615,-0.40846734042638255,-0.006436770410372938
affordable_5_exit3,43dda1d1ff59253d,0.0922712946823705,0.03276193502995528,-0.2538641958409017,0.30953969532908454,107,13.566142962230044,0.042432750443273166,0.33834555377974473,0.25581400929421094,665,False,2.1909774436090226,743.5,0.0,5268.139078889693,higher_cost,recent,0.023036374394881376,0.06433976634308136,-0.32147996136395385,0.009725560635073904
affordable_5_exit3,43dda1d1ff59253d,0.6143550078638322,0.05045240347829916,-0.3581245210486671,0.4264278975885981,425,73.71866174298371,0.12383997986203829,0.44947515828606394,0.24456506663437486,2365,False,3.5894291754756873,4064.0821953051636,617.3708920187795,6754.279710107128,delay_one,full,0.03924387024782661,0.4543414316491119,-0.4015950142279635,0.01120853323047255
affordable_5_exit3,43dda1d1ff59253d,0.1363496719180164,0.04779363198584052,-0.18922031613778545,0.4382872068493528,105,14.186265918484528,0.023831508116462157,0.30693951725461877,0.25588439812852926,665,False,1.9488721804511278,362.5,0.0,5880.490405495819,delay_one,recent,0.027285600573785374,0.0764869341510126,-0.3180000659234329,0.02050803141205515
affordable_5_exit3,43dda1d1ff59253d,0.44963497376539885,0.0388977321463948,-0.373440312168705,0.37661826149571237,336,56.359113531099716,0.09467767482089437,0.3822238180446025,0.24867376228030308,2365,False,3.305708245243129,3621.0449568075114,617.3708920187795,18437.678687154126,morning_only,full,0.03924387024782661,0.4543414316491119,-0.4015950142279635,-0.00034613810143180324
affordable_5_exit3,43dda1d1ff59253d,0.01727090191284364,0.0062739412320083066,-0.21386944452972434,0.11382103196712524,84,10.956712810310917,0.01840618185004131,0.2682393354110904,0.20723709698091133,665,False,1.8616541353383458,614.0,0.0,14734.127280545097,morning_only,recent,0.027285600573785374,0.0764869341510126,-0.3180000659234329,-0.021011659341777067
affordable_5_exit3,43dda1d1ff59253d,0.5245805382574933,0.04429366391098055,-0.3724219924301134,0.4126895571006066,340,58.705395853095254,0.0986191944936147,0.3873789934364469,0.25246609324703256,2365,False,3.3276955602536997,3901.814856807511,617.3708920187795,19494.04561428756,close_only,full,0.03924387024782661,0.4543414316491119,-0.4015950142279635,0.005049793663153945
affordable_5_exit3,43dda1d1ff59253d,0.04550925553299123,0.016387953039286307,-0.22937851029700218,0.2054536146171854,83,10.53197735014836,0.01769266875051423,0.26834599441146056,0.20707139922646095,665,False,1.867669172932331,622.5,0.0,13833.277887242175,close_only,recent,0.027285600573785374,0.0764869341510126,-0.3180000659234329,-0.010897647534499066
affordable_5_exit3,43dda1d1ff59253d,0.48312531983696005,0.04133917940151899,-0.35767388947933343,0.42853761859549994,655,47.72213992387458,0.08016842285811682,0.35356433150211686,0.2350120370224281,2365,False,4.6021141649048625,3865.125411416924,453.93892801251957,8592.820878811985,missed_fills,full,0.03924387024782661,0.4543414316491119,-0.4015950142279635,0.002095309153692382
affordable_5_exit3,43dda1d1ff59253d,0.0050533337327824945,0.0018427780848495612,-0.21319802222319373,0.06571990029511326,151,8.040361471349001,0.013507003235719184,0.21912758652832595,0.21159073202101958,665,False,2.0586466165413535,375.5,0.0,8509.600099721512,missed_fills,recent,0.027285600573785374,0.0764869341510126,-0.3180000659234329,-0.025442822488935812
affordable_5_exit3,43dda1d1ff59253d,1.4328845584534413,0.09567637026602926,-0.2489819036945471,0.719486050197107,438,87.59312462430057,0.1471476900563626,0.47533770505085465,0.2567885344372178,2365,False,4.701479915433404,8636.93333393486,758.4646378464544,13808.072754718578,phase_10,full,0.03924387024782661,0.4543414316491119,-0.4015950142279635,0.05643250001820266
affordable_5_exit3,43dda1d1ff59253d,0.20916457166492997,0.07183466170167963,-0.1906785355592011,0.5716205351989133,113,13.745326344488065,0.0230907737261055,0.33915021322024264,0.21933489660304142,665,False,2.1503759398496243,1029.5,0.0,7104.937455123683,phase_10,recent,0.027285600573785374,0.0764869341510126,-0.3180000659234329,0.04454906112789425
affordable_5_exit3,43dda1d1ff59253d,0.4760024304422128,0.0408240920347509,-0.3265117997043606,0.3670567593484573,452,76.32432841556717,0.12821723930531134,0.4535852212985882,0.2542447810441606,2365,False,3.6545454545454548,3839.6654647887326,556.3380281690138,6402.735215068686,exclude_top3,full,0.006841551805900847,0.06859404794501578,-0.4518424224607587,0.033982540228850056
affordable_5_exit3,43dda1d1ff59253d,0.04009205613893285,0.014461261101228695,-0.22764472674493497,0.17848168192611125,94,12.018587880575657,0.020190025780579046,0.3144425770501028,0.25563415108336657,665,False,2.055639097744361,725.5,0.0,7395.761905420428,exclude_top3,recent,0.016873772398201092,0.04687803450940686,-0.3124935645312299,-0.002412511296972397
affordable_5_exit3,43dda1d1ff59253d,0.3995447035750801,0.03514999295870114,-0.4496344943050873,0.33542116538103367,424,76.37390150351645,0.12830051713575724,0.4273161063628201,0.2528099060028862,2365,False,2.8283298097251586,5166.809499999999,0.0,6363.341153028773,exclude_complex_actions,full,0.03530402869202165,0.40157245300140065,-0.3697472936685683,-0.00015403573332051224
affordable_5_exit3,43dda1d1ff59253d,-0.015399226048710468,-0.005652289462809046,-0.24993683791976384,0.023411940210389268,113,13.682084853498143,0.02298453434539153,0.34396919284727984,0.25093658861580215,665,False,2.26015037593985,922.5,0.0,6354.02325096361,exclude_complex_actions,recent,0.009824843511492487,0.02712914797741739,-0.2829732322408285,-0.015477132974301533
affordable_8_exit0,fb17fdeed4ce6a69,1.2354879647126493,0.08618931881686276,-0.31310135563771435,0.7403806278786138,546,72.60643163943794,0.12197154451109181,0.509520239297467,0.2115939089568985,2365,False,7.282029598308668,7906.399214459105,1055.1704113635287,12606.468842821125,base,full,0.03924387024782661,0.4543414316491119,-0.4015950142279635,0.04694544856903615
affordable_8_exit0,fb17fdeed4ce6a69,0.25534031703683646,0.08660732782125735,-0.180876334767465,0.7542634590104059,137,11.328915390605928,0.019031444964678897,0.38543509456813496,0.15466613571673296,665,False,4.027067669172932,1260.34,0.0,8628.20958930639,base,recent,0.027285600573785374,0.0764869341510126,-0.3180000659234329,0.05932172724747198
affordable_8_exit0,fb17fdeed4ce6a69,1.1722452050748244,0.08299047263043735,-0.3206597623647157,0.7141464058984587,562,71.28454592714529,0.16800052736292564,0.508451579656953,0.16734561279890695,2365,False,7.273150105708245,7532.128750968627,1012.8120780301954,11049.544388927063,minimum_fee,full,0.036478241129486166,0.41711680445821053,-0.40875725192273515,0.046512231500951184
affordable_8_exit0,fb17fdeed4ce6a69,0.2314096765094127,0.0789952573265178,-0.18911464500878805,0.6983821356531538,138,11.217474018150966,0.032940188803959505,0.38331150726905616,0.15640689172663508,665,False,4.027067669172932,1250.34,0.0,8455.290354410183,minimum_fee,recent,0.02368237692909525,0.06618084131568414,-0.32157317655864115,0.05531288039742255
affordable_8_exit0,fb17fdeed4ce6a69,1.1467573952049213,0.08167761341468815,-0.3468757079382442,0.7038471747261692,560,72.23446328768233,0.22462072530538044,0.509167437753112,0.2113152909138317,2365,False,7.273150105708245,7643.869214459105,1055.1704113635287,11795.551732793749,higher_cost,full,0.03631881514662427,0.41499727146632615,-0.40846734042638255,0.04535879826806388
affordable_8_exit0,fb17fdeed4ce6a69,0.22395342341506574,0.07660434092149426,-0.1900913267054124,0.6824392126180364,136,11.168468016236623,0.03594564506288314,0.381012162325809,0.1567554281182661,665,False,4.027067669172932,1240.34,0.0,8231.602761579776,higher_cost,recent,0.023036374394881376,0.06433976634308136,-0.32147996136395385,0.05356796652661289
affordable_8_exit0,fb17fdeed4ce6a69,1.3585740242890716,0.0921889003007541,-0.2643665387214398,0.7951998643331337,559,74.7124365893823,0.12550942222650333,0.4909548514438054,0.20808894963925753,2365,False,7.108668076109937,7887.273014459104,1055.1704113635287,15044.05065872402,delay_one,full,0.03924387024782661,0.4543414316491119,-0.4015950142279635,0.0529450300529275
affordable_8_exit0,fb17fdeed4ce6a69,0.2953900294989311,0.09914325938114321,-0.11742306040211525,0.914207868811552,134,11.633777324035961,0.01954358252664801,0.3377966963651535,0.1595135202755543,665,False,3.5097744360902254,1178.44,0.0,7744.700972705973,delay_one,recent,0.027285600573785374,0.0764869341510126,-0.3180000659234329,0.07185765880735784
affordable_8_exit0,fb17fdeed4ce6a69,0.9042869533936206,0.0684360289485213,-0.32348533846123284,0.646261271878029,480,58.16432246970438,0.09771024531685642,0.4526851608618222,0.16750753476951816,2365,False,6.868498942917547,6142.961550968626,1012.8120780301954,31064.796786992534,morning_only,full,0.03924387024782661,0.4543414316491119,-0.4015950142279635,0.029192158700694693
affordable_8_exit0,fb17fdeed4ce6a69,0.20543480772715506,0.07062590297749494,-0.17057888706827662,0.7028931149815889,111,8.980119228235084,0.015085702291512116,0.3366752925141136,0.16146678212810528,665,False,3.6736842105263157,1174.34,0.0,10701.044290942458,morning_only,recent,0.027285600573785374,0.0764869341510126,-0.3180000659234329,0.04334030240370956
affordable_8_exit0,fb17fdeed4ce6a69,1.243020445488776,0.08656488669749463,-0.3029625613237086,0.7969331128960492,475,62.907588358097016,0.10567845768276722,0.45230126495000444,0.20961158566519159,2365,False,6.879069767441861,6884.132614459103,1055.1704113635287,28042.44325656818,close_only,full,0.03924387024782661,0.4543414316491119,-0.4015950142279635,0.04732101644966802
affordable_8_exit0,fb17fdeed4ce6a69,0.19317797514599366,0.0666368525331924,-0.18943810193926747,0.6611055074082112,112,8.566005887001356,0.014390033289573575,0.34759075679399215,0.14712675758524296,665,False,3.742857142857143,1198.34,0.0,9135.33931160027,close_only,recent,0.027285600573785374,0.0764869341510126,-0.3180000659234329,0.03935125195940703
affordable_8_exit0,fb17fdeed4ce6a69,0.9188484473982248,0.06927280585810514,-0.28453395722286146,0.6957939078961035,817,44.48820374262501,0.0747357334672357,0.4505757196437355,0.16408647640054586,2365,False,8.652854122621564,6333.59049044437,1012.8120780301953,16151.6414163958,missed_fills,full,0.03924387024782661,0.4543414316491119,-0.4015950142279635,0.03002893561027853
affordable_8_exit0,fb17fdeed4ce6a69,0.1469517919511525,0.051353757621884766,-0.163147960075113,0.6343695498020588,174,7.008569694128832,0.011773696229167026,0.3071808302293371,0.13795825080463903,665,False,4.518796992481203,816.62,0.0,7345.5538186160575,missed_fills,recent,0.027285600573785374,0.0764869341510126,-0.3180000659234329,0.024068157048099392
affordable_8_exit0,fb17fdeed4ce6a69,1.0679131262417552,0.07752594153385961,-0.26166783481011846,0.6640123277531793,547,63.9689268977225,0.10746140029548398,0.5122500210462839,0.17341573323892284,2365,False,6.802959830866808,7646.791510098787,928.0954113635287,9636.29875545151,phase_10,full,0.03924387024782661,0.4543414316491119,-0.4015950142279635,0.038282071286033004
affordable_8_exit0,fb17fdeed4ce6a69,0.39504158880296814,0.1293029388716671,-0.16305121361034147,1.0193748755339873,141,12.261295110545952,0.020597749656206144,0.355777504693358,0.16963314992046988,665,False,3.6857142857142855,1248.04,0.0,9161.247797603452,phase_10,recent,0.027285600573785374,0.0764869341510126,-0.3180000659234329,0.10201733829788173
affordable_8_exit0,fb17fdeed4ce6a69,0.6602859616662367,0.05348542616397256,-0.33457153061693556,0.49220894894128653,558,59.98006165536078,0.1007605055748406,0.5198045654384122,0.16922012813268092,2365,False,7.335306553911205,6052.645073670113,1012.8120780301953,9408.767069503287,exclude_top3,full,0.006841551805900847,0.06859404794501578,-0.4518424224607587,0.04664387435807171
affordable_8_exit0,fb17fdeed4ce6a69,0.2277710849344048,0.07782966078923659,-0.19332214427972538,0.6901711228556952,138,11.11842535377741,0.018677842751810666,0.3567049645376401,0.1568811610702414,665,False,3.774436090225564,1020.64,0.0,8346.132607159956,exclude_top3,recent,0.016873772398201092,0.04687803450940686,-0.3124935645312299,0.060955888391035495
affordable_8_exit0,fb17fdeed4ce6a69,0.7703753411118475,0.06045942060782061,-0.2730634959674453,0.5843483055925246,560,64.41743872733116,0.10821485531804367,0.4836877313932202,0.16494878596168783,2365,False,5.101479915433404,6965.4303,0.0,11306.260357333082,exclude_complex_actions,full,0.03530402869202165,0.40157245300140065,-0.3697472936685683,0.025155391915798964
affordable_8_exit0,fb17fdeed4ce6a69,0.14642739285151385,0.05117815989105323,-0.16233358211792093,0.5380507478048127,136,10.599871147226095,0.017806723540225115,0.39537664680302526,0.15316646113574534,665,False,4.216541353383459,1166.0,0.0,9013.821789360114,exclude_complex_actions,recent,0.009824843511492487,0.02712914797741739,-0.2829732322408285,0.041353316379560745
affordable_8_exit3,2ccf9e0e09d5517e,1.286076155804254,0.08869016156298581,-0.3071508258696837,0.7779319361703275,596,81.28444116661498,0.13654973271579648,0.4612444284084641,0.21088261107933984,2365,False,6.783932346723044,6301.913614459104,1055.1704113635287,14124.11457556925,base,full,0.03924387024782661,0.4543414316491119,-0.4015950142279635,0.04944629131515921
affordable_8_exit3,2ccf9e0e09d5517e,0.24905648214847553,0.0846174911321782,-0.18300877084159672,0.756905805422982,151,12.678651401999794,0.02129886649021945,0.33091748785304664,0.1554633878013507,665,False,3.437593984962406,1080.6399999999999,0.0,8439.69454265556,base,recent,0.027285600573785374,0.0764869341510126,-0.3180000659234329,0.05733189055839283
affordable_8_exit3,2ccf9e0e09d5517e,1.2241283832231193,0.08562077962059989,-0.30774065245052884,0.7595590696694926,608,79.7562412641013,0.17910700418337508,0.4601915427309145,0.16534515191111115,2365,False,6.783932346723044,6332.743150968628,1012.8120780301954,12606.039733375897,minimum_fee,full,0.036478241129486166,0.41711680445821053,-0.40875725192273515,0.04914253849111372
affordable_8_exit3,2ccf9e0e09d5517e,0.22730704468483398,0.07768085127177149,-0.1873329124700105,0.704115734959933,150,12.568874894620578,0.034824742062940416,0.32876477003932525,0.1571305341095781,665,False,3.437593984962406,1070.6399999999999,0.0,8332.21139967283,minimum_fee,recent,0.02368237692909525,0.06618084131568414,-0.32157317655864115,0.05399847434267624
affordable_8_exit3,2ccf9e0e09d5517e,1.0516214235425503,0.07665040429841441,-0.33055397603914805,0.6854869614391954,603,76.43947727712381,0.234382118035992,0.4620146707867906,0.16942793174712323,2365,False,6.783932346723044,5994.1531509686265,1012.8120780301954,10731.8309181633,higher_cost,full,0.03631881514662427,0.41499727146632615,-0.40846734042638255,0.04033158915179014
affordable_8_exit3,2ccf9e0e09d5517e,0.256500976824628,0.08697416971119853,-0.1587061484068052,0.7899017049383507,144,12.208463558308281,0.03838467694931611,0.3217493245490893,0.1595508398151827,665,False,3.392481203007519,1070.6399999999999,0.0,8663.02938294013,higher_cost,recent,0.023036374394881376,0.06433976634308136,-0.32147996136395385,0.06393779531631716
affordable_8_exit3,2ccf9e0e09d5517e,1.223888077558954,0.08560872437243217,-0.29733039095340874,0.7559319794983892,598,78.41295427114727,0.1317259218801003,0.4521648355067322,0.17598847526655328,2365,False,6.686680761099366,6077.043614459104,1055.1704113635287,12854.472232024953,delay_one,full,0.03924387024782661,0.4543414316491119,-0.4015950142279635,0.04636485412460556
affordable_8_exit3,2ccf9e0e09d5517e,0.2708120794529876,0.09147981182669795,-0.1441890025331457,0.851668504412901,148,12.856919202744963,0.021598338568691255,0.3009402708853484,0.15831211515420587,665,False,3.112781954887218,1089.6399999999999,0.0,9390.362463698275,delay_one,recent,0.027285600573785374,0.0764869341510126,-0.3180000659234329,0.06419421125291258
affordable_8_exit3,2ccf9e0e09d5517e,0.8499584551341337,0.0652625114154215,-0.32492750323162445,0.6333608603650794,525,61.91968517115865,0.1040188791190294,0.4090914946186374,0.1754064065626621,2365,False,6.410993657505285,5058.705950968628,1012.8120780301953,30987.941812505047,morning_only,full,0.03924387024782661,0.4543414316491119,-0.4015950142279635,0.02601864116759489
affordable_8_exit3,2ccf9e0e09d5517e,0.1876019485703786,0.06481349550096183,-0.18662052435255327,0.6678086002426256,123,10.024757679009038,0.016840590424967286,0.2789863570839445,0.1506449686736634,665,False,3.04812030075188,951.64,0.0,10464.058518146518,morning_only,recent,0.027285600573785374,0.0764869341510126,-0.3180000659234329,0.03752789492717645
affordable_8_exit3,2ccf9e0e09d5517e,0.8256193472239153,0.06381357509114438,-0.3648208168987338,0.6149506445346905,522,63.1090234489267,0.10601684849185201,0.4135319319728458,0.16803227413409025,2365,False,6.478224101479915,5114.683150968628,1012.8120780301954,30257.76857519849,close_only,full,0.03924387024782661,0.4543414316491119,-0.4015950142279635,0.024569704843317774
affordable_8_exit3,2ccf9e0e09d5517e,0.20300557060132474,0.06983734770803474,-0.17207971550591927,0.728279067421166,123,10.048285485163131,0.016880114786525548,0.28348942650908326,0.15650309328336232,665,False,3.1112781954887216,984.64,0.0,10628.16717716755,close_only,recent,0.027285600573785374,0.0764869341510126,-0.3180000659234329,0.04255174713424936
affordable_8_exit3,2ccf9e0e09d5517e,0.9698363743092675,0.07215860570933041,-0.2978266541465312,0.7439722776002852,898,48.59961100469172,0.08164248652678166,0.38609833145398953,0.1569584776468883,2365,False,7.407610993657506,5194.568953934847,1055.1704113635287,17638.92089039375,missed_fills,full,0.03924387024782661,0.4543414316491119,-0.4015950142279635,0.03291473546150381
affordable_8_exit3,2ccf9e0e09d5517e,0.16216606375201104,0.05642630408700278,-0.15435478326394092,0.731699087816406,192,7.699804173948765,0.012934901031816525,0.23147328805461329,0.13719491110746473,665,False,3.3533834586466167,644.9200000000001,0.0,6255.981897301541,missed_fills,recent,0.027285600573785374,0.0764869341510126,-0.3180000659234329,0.029140703513217403
affordable_8_exit3,2ccf9e0e09d5517e,1.2008266383488544,0.08444634316716759,-0.21404533628205058,0.7327920716485021,572,66.37237866211805,0.11149895891449212,0.4744616377885643,0.17468740556183457,2365,False,6.441860465116279,7624.703860793231,928.0954113635287,12476.70413964532,phase_10,full,0.03924387024782661,0.4543414316491119,-0.4015950142279635,0.045202472919340986
affordable_8_exit3,2ccf9e0e09d5517e,0.45309345077222996,0.14624569463740578,-0.1434776385909231,1.189667346100938,147,13.050411760569412,0.021923386716580555,0.3261854532319611,0.16963314992046988,665,False,3.4225563909774435,1483.04,0.0,10598.803660496,phase_10,recent,0.027285600573785374,0.0764869341510126,-0.3180000659234329,0.1189600940636204
affordable_8_exit3,2ccf9e0e09d5517e,0.66284643774153,0.05365228103229014,-0.27356267710499127,0.5161095538160134,612,64.60189744852582,0.10852472752377847,0.4653722024391926,0.1846337057352982,2365,False,6.779281183932347,5160.494624364559,1012.8120780301953,9485.581351762085,exclude_top3,full,0.006841551805900847,0.06859404794501578,-0.4518424224607587,0.04681072922638929
affordable_8_exit3,2ccf9e0e09d5517e,0.29764002043891713,0.09984018350546142,-0.16182683818641774,0.8919591956858098,135,11.179765078705945,0.018780887355718118,0.31308864335906816,0.15924440279461755,665,False,3.2902255639097744,1053.1399999999999,0.0,8149.200689461462,exclude_top3,recent,0.016873772398201092,0.04687803450940686,-0.3124935645312299,0.08296641110726033
affordable_8_exit3,2ccf9e0e09d5517e,0.5980087730444599,0.049354285914952056,-0.29703183561297875,0.5117207871531176,618,69.16909750493446,0.1161971668985394,0.4260994165090714,0.16803732900245114,2365,False,4.511627906976744,5659.4403,0.0,11876.263300052673,exclude_complex_actions,full,0.03530402869202165,0.40157245300140065,-0.3697472936685683,0.014050257222930407
affordable_8_exit3,2ccf9e0e09d5517e,0.2041171524941805,0.07019830389558068,-0.15940110577417144,0.6801215664640816,153,12.295315352804662,0.020654900261176553,0.34103071466409335,0.15343595688555753,665,False,3.568421052631579,1273.8,0.0,7551.514500438817,exclude_complex_actions,recent,0.009824843511492487,0.02712914797741739,-0.2829732322408285,0.060373460384088196
affordable_10_exit0,a6369aabf39ba82b,1.227309732667233,0.0857802661296625,-0.2592652868976427,0.816104383293792,629,66.62356734044313,0.11192093077521037,0.4803082953405663,0.14326680794762486,2365,False,8.413107822410147,7902.175748581303,602.3799957629476,15391.91231804005,base,full,0.03924387024782661,0.4543414316491119,-0.4015950142279635,0.04653639588183589
affordable_10_exit0,a6369aabf39ba82b,0.20052474424898326,0.06903100219305913,-0.12111691623595378,0.7473789788138447,139,9.319753355742295,0.015656253662311482,0.3577078413979241,0.12827198064279832,665,False,4.670676691729323,1114.9099999999999,0.0,6650.742460983901,base,recent,0.027285600573785374,0.0764869341510126,-0.3180000659234329,0.04174540161927376
affordable_10_exit0,a6369aabf39ba82b,1.0216687704704372,0.07502430483585587,-0.25631316683770267,0.7254319044083278,633,61.58031156530938,0.1578403568504507,0.480061009164328,0.14638741354625462,2365,False,8.413107822410147,7634.618849970191,602.3799957629475,14158.683417803903,minimum_fee,full,0.036478241129486166,0.41711680445821053,-0.40875725192273515,0.038546063706369704
affordable_10_exit0,a6369aabf39ba82b,0.18433174187134083,0.06374161092573805,-0.1288461024097045,0.6937202188085473,139,9.057286023567915,0.03277839072316524,0.35310226855735516,0.12960670786172157,665,False,4.607518796992482,1114.9099999999999,0.0,6164.952389654629,minimum_fee,recent,0.02368237692909525,0.06618084131568414,-0.32157317655864115,0.040059233996642796
affordable_10_exit0,a6369aabf39ba82b,0.9703345200077109,0.07218646748580304,-0.26859537814580936,0.6998785405721771,617,60.04937640841608,0.19622257781324284,0.48085126438196796,0.14708845438687906,2365,False,8.404228329809726,7497.423949970192,602.3799957629475,12618.655903922112,higher_cost,full,0.03631881514662427,0.41499727146632615,-0.40846734042638255,0.03586765233917877
affordable_10_exit0,a6369aabf39ba82b,0.17531704417743454,0.060777077087550424,-0.134913874079704,0.6653696707446581,143,9.124115689584414,0.03417101904195391,0.3528857329515071,0.12397654204342799,665,False,4.607518796992482,1092.41,0.0,6192.511460744794,higher_cost,recent,0.023036374394881376,0.06433976634308136,-0.32147996136395385,0.03774070269266905
affordable_10_exit0,a6369aabf39ba82b,1.4108513168874128,0.09465241020579351,-0.20933844370064192,0.8957821217627088,647,71.51635820714897,0.12014033015218958,0.46867087115342543,0.1440225215219583,2365,False,8.221141649048626,8580.606445803525,602.3799957629476,16395.15987134833,delay_one,full,0.03924387024782661,0.4543414316491119,-0.4015950142279635,0.05540853995796691
affordable_10_exit0,a6369aabf39ba82b,0.2506700154792949,0.08512903717125075,-0.07956712229471541,0.9561059140840295,135,9.103838348203102,0.01529353804114639,0.31357372236048514,0.13109317698406334,665,False,4.118796992481203,1228.9099999999999,0.0,8118.1005616536295,delay_one,recent,0.027285600573785374,0.0764869341510126,-0.3180000659234329,0.05784343659746538
affordable_10_exit0,a6369aabf39ba82b,1.2010388092845252,0.08445708707181798,-0.25328183680933647,0.8288080519674415,554,58.209857159194016,0.09778673904173003,0.4475470587615714,0.14290695065819004,2365,False,8.115010570824523,7169.100558636858,572.2799966530436,32658.88452030129,morning_only,full,0.03924387024782661,0.4543414316491119,-0.4015950142279635,0.045213216823991376
affordable_10_exit0,a6369aabf39ba82b,0.24216735532982314,0.08242866747153021,-0.11100870075531533,0.8955879732085285,120,8.184326144800979,0.01374884949065117,0.33682029017746506,0.12782108985272958,665,False,4.443609022556391,1071.4099999999999,0.0,13558.020761937845,morning_only,recent,0.027285600573785374,0.0764869341510126,-0.3180000659234329,0.05514306689774484
affordable_10_exit0,a6369aabf39ba82b,1.2371624664266236,0.08627290715580993,-0.2618593289038752,0.849827040505271,553,59.738312853245944,0.10035439176216789,0.44482202636846047,0.14458061925180554,2365,False,8.045665961945032,7293.707457247969,572.2799966530436,34557.59424410099,close_only,full,0.03924387024782661,0.4543414316491119,-0.4015950142279635,0.047029036907983324
affordable_10_exit0,a6369aabf39ba82b,0.202212442599065,0.06957967138165988,-0.1295938504721419,0.7789615901577553,122,8.155065885780257,0.013699695181522252,0.33822733765968876,0.1238782821471528,665,False,4.437593984962406,1097.4099999999999,0.0,13368.373371432033,close_only,recent,0.027285600573785374,0.0764869341510126,-0.3180000659234329,0.042294070807874506
affordable_10_exit0,a6369aabf39ba82b,0.9229164403490762,0.06950555503401668,-0.24003684717942586,0.7612215527750098,934,42.65263620535582,0.07165216356137724,0.4392888860774375,0.12692092831087226,2365,False,10.298942917547569,5985.252854136858,861.1010660304821,16592.392176866728,missed_fills,full,0.03924387024782661,0.4543414316491119,-0.4015950142279635,0.03026168478619007
affordable_10_exit0,a6369aabf39ba82b,0.15970925011791604,0.055610050554197654,-0.10955332713989763,0.7876452473996692,197,6.701008319148619,0.011257023875337764,0.3002041459666243,0.1104124215414166,665,False,5.18796992481203,868.88,0.0,10212.277459668465,missed_fills,recent,0.027285600573785374,0.0764869341510126,-0.3180000659234329,0.02832444998041228
affordable_10_exit0,a6369aabf39ba82b,0.8341555768890616,0.06432370987247871,-0.1882564175699195,0.621543916155539,597,52.05366568381739,0.08744495298224482,0.4780265787265809,0.1402664187657556,2365,False,8.375898520084567,6363.284610720191,572.2799966530434,12810.387493124277,phase_10,full,0.03924387024782661,0.4543414316491119,-0.4015950142279635,0.0250798396246521
affordable_10_exit0,a6369aabf39ba82b,0.2628372347189718,0.08897304521401073,-0.1234780729096705,0.8885548836988191,142,9.96183172237436,0.01673488111041669,0.3291582626515804,0.13017506869010473,665,False,4.299248120300752,1356.78,0.0,9248.117291431823,phase_10,recent,0.027285600573785374,0.0764869341510126,-0.3180000659234329,0.06168744464022535
affordable_10_exit0,a6369aabf39ba82b,0.6468767017268993,0.05260781527365177,-0.2862038921899914,0.5459540779996682,599,48.16224424459397,0.08090775410649335,0.4763079347321907,0.13676688632764142,2365,False,8.42198731501057,5752.945647229716,529.9216633197101,8381.37952677005,exclude_top3,full,0.006841551805900847,0.06859404794501578,-0.4518424224607587,0.04576626346775092
affordable_10_exit0,a6369aabf39ba82b,0.19475265707216183,0.06715079275958091,-0.12641024704507287,0.7434673116417352,130,8.687427497259378,0.01459400945264603,0.3272985491752272,0.12899344423695477,665,False,4.291729323308271,984.91,0.0,6477.579845679263,exclude_top3,recent,0.016873772398201092,0.04687803450940686,-0.3124935645312299,0.05027702036137982
affordable_10_exit0,a6369aabf39ba82b,0.8023596653099521,0.062412610507851296,-0.18122598283529023,0.6603627845037852,600,51.70743149502317,0.08686331416848941,0.46295914513474123,0.13096847177025794,2365,False,6.232558139534884,5868.5321,0.0,12957.789900170752,exclude_complex_actions,full,0.03530402869202165,0.40157245300140065,-0.3697472936685683,0.027108581815829647
affordable_10_exit0,a6369aabf39ba82b,0.08435264524380126,0.030020909305825016,-0.1118762888362258,0.38067317437121323,139,8.650104096242982,0.014531309871278588,0.35951631560849606,0.1289099575426133,665,False,4.733834586466165,1560.0100000000002,0.0,7181.579404044082,exclude_complex_actions,recent,0.009824843511492487,0.02712914797741739,-0.2829732322408285,0.02019606579433253
affordable_10_exit3,6876fe6556e26470,1.053097572937716,0.07672999099085942,-0.2498021279288518,0.760515242196787,681,67.94125022595837,0.11413450625458743,0.43702563952909346,0.14610504409239042,2365,False,7.824524312896406,6367.166499275747,602.3799957629475,13803.54748991492,base,full,0.03924387024782661,0.4543414316491119,-0.4015950142279635,0.037486120743032814
affordable_10_exit3,6876fe6556e26470,0.19953638491706727,0.06870946013494583,-0.13131603658968072,0.7649990909051876,159,10.857750221943855,0.018239934597843486,0.3152847903734204,0.12840179425048168,665,False,4.1233082706766915,991.6,0.0,6621.091681026425,base,recent,0.027285600573785374,0.0764869341510126,-0.3180000659234329,0.04142385956116046
affordable_10_exit3,6876fe6556e26470,1.0494244175064393,0.07653185738197132,-0.24365541372276456,0.7700596770070174,691,67.55671319561715,0.16432514769697268,0.4349981912557924,0.15369183150946755,2365,False,7.780126849894292,6366.053849970192,602.3799957629475,13693.352826976618,minimum_fee,full,0.036478241129486166,0.41711680445821053,-0.40875725192273515,0.04005361625248516
affordable_10_exit3,6876fe6556e26470,0.22226542355415346,0.07606178555945453,-0.1132338234533069,0.8402012902012607,155,10.778011112110613,0.03469060636563043,0.311092929510227,0.12735051279098675,665,False,4.06015037593985,984.91,0.0,7302.962840139011,minimum_fee,recent,0.02368237692909525,0.06618084131568414,-0.32157317655864115,0.05237940863035928
affordable_10_exit3,6876fe6556e26470,0.941697967901372,0.07057443991582568,-0.27770824662418236,0.7139466190554264,688,65.75791698678033,0.20703263561983365,0.4361549948451328,0.1290927882452979,2365,False,7.762367864693446,6104.870149970191,602.3799957629476,11759.559340731941,higher_cost,full,0.03631881514662427,0.41499727146632615,-0.40846734042638255,0.03425562476920141
affordable_10_exit3,6876fe6556e26470,0.1847950620335279,0.06389358877334517,-0.12269128633971094,0.7233417886087906,154,10.416806820356053,0.03647426130911362,0.31043289442631883,0.1291205922628229,665,False,4.06015037593985,984.91,0.0,6178.851994520244,higher_cost,recent,0.023036374394881376,0.06433976634308136,-0.32147996136395385,0.04085721437846379
affordable_10_exit3,6876fe6556e26470,1.0831577197134892,0.07833961866430195,-0.2579655823953796,0.7823916754272072,695,68.75830836457118,0.11550708222164309,0.42627668678361086,0.14161311483501254,2365,False,7.659619450317125,6502.297647192413,602.3799957629476,14368.351904632198,delay_one,full,0.03924387024782661,0.4543414316491119,-0.4015950142279635,0.03909574841647534
affordable_10_exit3,6876fe6556e26470,0.24570178368832596,0.08355259115428249,-0.09028188386581426,0.961557024579378,146,10.236306959756213,0.017195972061694466,0.28167813922442236,0.12572766422931295,665,False,3.691729323308271,1068.91,0.0,7969.053607924558,delay_one,recent,0.027285600573785374,0.0764869341510126,-0.3180000659234329,0.05626699058049711
affordable_10_exit3,6876fe6556e26470,1.141334783039225,0.08139649528113013,-0.21785865635571977,0.833595892395314,615,61.09515566386728,0.10263375199973063,0.4048511926912073,0.1459778056783132,2365,False,7.535306553911205,5683.8097586368585,572.2799966530436,30530.763744386386,morning_only,full,0.03924387024782661,0.4543414316491119,-0.4015950142279635,0.042152625033303526
affordable_10_exit3,6876fe6556e26470,0.22969591828741276,0.07844653999548656,-0.12688273454844556,0.8815703295072503,138,9.60406581332763,0.016133870159809088,0.29293963583075916,0.12814463056451103,665,False,3.905263157894737,882.1,0.0,13253.877655433906,morning_only,recent,0.027285600573785374,0.0764869341510126,-0.3180000659234329,0.05116093942170119
affordable_10_exit3,6876fe6556e26470,1.0349309763188845,0.07574694510648006,-0.27140372223140197,0.7768333789867967,613,61.57813321378629,0.1034451059858396,0.40414751796911724,0.1480955202303622,2365,False,7.531923890063425,5766.488207942413,572.2799966530434,21838.64954277617,close_only,full,0.03924387024782661,0.4543414316491119,-0.4015950142279635,0.03650307485865345
affordable_10_exit3,6876fe6556e26470,0.20751206079714568,0.0712994009449277,-0.13501688966236658,0.8241543214982745,135,9.386603085101843,0.015768554522662584,0.2903175345322607,0.12982896170248376,665,False,3.8165413533834585,967.41,0.0,13153.361916420778,close_only,recent,0.027285600573785374,0.0764869341510126,-0.3180000659234329,0.04401380037114233
affordable_10_exit3,6876fe6556e26470,1.0231453324750763,0.0751049708345537,-0.2240296451417998,0.8479896185216437,996,46.65480739882874,0.07837541094929235,0.37184553538448534,0.12203158627140909,2365,False,8.788160676532769,5076.81255413686,861.1010660304821,16361.258976886353,missed_fills,full,0.03924387024782661,0.4543414316491119,-0.4015950142279635,0.03586110058672709
affordable_10_exit3,6876fe6556e26470,0.19672765479428755,0.06779477947286128,-0.09175806042745427,1.0380632127033418,214,7.577254198107322,0.01272902932740049,0.23312548492893148,0.10762048999991437,665,False,3.968421052631579,872.48,0.0,10765.829606635329,missed_fills,recent,0.027285600573785374,0.0764869341510126,-0.3180000659234329,0.040509178899075904
affordable_10_exit3,6876fe6556e26470,0.9815744906914998,0.07281345585201926,-0.15569570481232853,0.7087481714199074,653,58.50993971610831,0.09829084772909033,0.4435104847746037,0.1436868377024867,2365,False,7.434249471458774,6682.542133044796,487.5633299863768,13706.671608196353,phase_10,full,0.03924387024782661,0.4543414316491119,-0.4015950142279635,0.03356958560419265
affordable_10_exit3,6876fe6556e26470,0.2908192997677119,0.09772512781542209,-0.09751267569626743,1.0101295246369826,154,11.013334266148807,0.01850130023370338,0.3067439284286235,0.13017506869010473,665,False,4.021052631578947,1379.6599999999999,0.0,10087.579242894028,phase_10,recent,0.027285600573785374,0.0764869341510126,-0.3180000659234329,0.07043952724163671
affordable_10_exit3,6876fe6556e26470,0.6469942239508146,0.052615534688910115,-0.2766079473458164,0.5662182139415315,676,55.36763829198917,0.0930120955667126,0.4281205978052844,0.1389741929986565,2365,False,7.773361522198732,5125.488097924161,529.9216633197101,8384.905193487508,exclude_top3,full,0.006841551805900847,0.06859404794501578,-0.4518424224607587,0.04577398288300927
affordable_10_exit3,6876fe6556e26470,0.2334701956737053,0.07965436044624785,-0.10644008541058003,0.8836722211593654,132,9.078887706923883,0.01525162345886143,0.2946968874002859,0.12642278960155243,665,False,3.8496240601503757,984.91,0.0,7639.106003725566,exclude_top3,recent,0.016873772398201092,0.04687803450940686,-0.3124935645312299,0.06278058804804676
affordable_10_exit3,6876fe6556e26470,0.6209933559354279,0.0508955122405792,-0.21862765477921586,0.574547419802543,691,59.354044189356564,0.09970885883370008,0.41525306607557055,0.13386364492490524,2365,False,5.559408033826639,4829.6321,0.0,8594.800663757718,exclude_complex_actions,full,0.03530402869202165,0.40157245300140065,-0.3697472936685683,0.01559148354855755
affordable_10_exit3,6876fe6556e26470,0.0841067012137866,0.029935573111211422,-0.11458555815966354,0.3934180382129289,154,9.97326747180581,0.01675409202588658,0.312168433650407,0.1291645079511193,665,False,4.106766917293233,1430.0100000000002,0.0,7174.201083143641,exclude_complex_actions,recent,0.009824843511492487,0.02712914797741739,-0.2829732322408285,0.020110729599718935
affordable_15_exit0,b142b3be5b992c7b,0.6953556673433763,0.05575095841224775,-0.191796364520484,0.6944378682615283,697,39.69209148531197,0.06667874448617557,0.4219005712065336,0.13923249745967944,2365,False,10.515433403805497,6018.218694138951,295.17987928215143,11652.490224942474,base,full,0.03924387024782661,0.4543414316491119,-0.4015950142279635,0.016507088164421146
affordable_15_exit0,b142b3be5b992c7b,0.286987946239766,0.09653394014206573,-0.06539491760073246,1.1424687069955373,136,6.1990225956022735,0.01041373805835226,0.2720079576701501,0.12375665320476979,665,False,5.395488721804512,1548.09,0.0,8823.638659943836,base,recent,0.027285600573785374,0.0764869341510126,-0.3180000659234329,0.06924833956828036
affordable_15_exit0,b142b3be5b992c7b,0.5177327224399986,0.043810634189255016,-0.1977341787896849,0.5627754568999117,666,35.10680675709597,0.14886283315943982,0.41647877348019585,0.12884322167129036,2365,False,10.42663847780127,6003.146244833395,295.17987928215143,13204.801943644681,minimum_fee,full,0.036478241129486166,0.41711680445821053,-0.40875725192273515,0.007332393059768849
affordable_15_exit0,b142b3be5b992c7b,0.2343253483650236,0.07992769493970098,-0.0669625109048626,0.9746965210951487,137,6.055164197704394,0.032553531798408065,0.2711909445408962,0.12605541246721355,665,False,5.395488721804512,1535.59,0.0,7915.760726562584,minimum_fee,recent,0.02368237692909525,0.06618084131568414,-0.32157317655864115,0.05624531801060573
affordable_15_exit0,b142b3be5b992c7b,0.5504138669622409,0.04609853723986301,-0.21695864513964924,0.5939829755602641,659,36.27386031631344,0.15752087594140576,0.4141606039438249,0.1254248003284047,2365,False,10.43551797040169,6192.92469413895,295.17987928215143,14185.236279311946,higher_cost,full,0.03631881514662427,0.41499727146632615,-0.40846734042638255,0.00977972209323874
affordable_15_exit0,b142b3be5b992c7b,0.22568507601281396,0.07716043379153414,-0.06860375633907234,0.9411835783644763,137,6.0490002645405125,0.032553070119814086,0.2713822087403132,0.12619287330510945,665,False,5.395488721804512,1535.59,0.0,7656.552555996301,higher_cost,recent,0.023036374394881376,0.06433976634308136,-0.32147996136395385,0.05412405939665277
affordable_15_exit0,b142b3be5b992c7b,0.7282164405333427,0.057835950477576725,-0.17971647129064983,0.7176822665563627,684,39.25117459609407,0.06593804820397843,0.4120935958179184,0.13977445203803984,2365,False,10.357293868921776,6172.892343444506,295.17987928215143,11254.313357698966,delay_one,full,0.03924387024782661,0.4543414316491119,-0.4015950142279635,0.01859208022975012
affordable_15_exit0,b142b3be5b992c7b,0.2809036678463326,0.09463767216885177,-0.06418501751370309,1.155888149172709,128,5.956819405669769,0.010006860919584642,0.25416514185858236,0.12398281219372798,665,False,5.025563909774436,1558.09,0.0,8939.110310048178,delay_one,recent,0.027285600573785374,0.0764869341510126,-0.3180000659234329,0.0673520715950664
affordable_15_exit0,b142b3be5b992c7b,0.7009998422576942,0.056111641830451475,-0.19170818682048862,0.7086208147165269,670,38.164287281607244,0.064112186204372,0.41385752119048336,0.1395904140907674,2365,False,10.405496828752643,5968.218694138951,295.17987928215143,17401.81539607807,morning_only,full,0.03924387024782661,0.4543414316491119,-0.4015950142279635,0.01686777158262487
affordable_15_exit0,b142b3be5b992c7b,0.287383005692712,0.09665687016896651,-0.06510671470687468,1.162391986352665,134,6.088922493311166,0.01022878089651343,0.268489591218858,0.12375665320476979,665,False,5.36390977443609,1548.09,0.0,8835.490443532217,morning_only,recent,0.027285600573785374,0.0764869341510126,-0.3180000659234329,0.06937126959518114
affordable_15_exit0,b142b3be5b992c7b,0.6497352639724085,0.05279543911423601,-0.1821915789642382,0.6700484062990416,668,37.64555752931075,0.06324077209348913,0.41231627989478786,0.14204359865565938,2365,False,10.43551797040169,6171.42469413895,295.17987928215143,14447.878181987582,close_only,full,0.03924387024782661,0.4543414316491119,-0.4015950142279635,0.013551568866409403
affordable_15_exit0,b142b3be5b992c7b,0.2264405040533164,0.07740287134288093,-0.07361372694813062,0.9663609963301212,135,5.955528093475899,0.010004691644230162,0.26798715195228434,0.12607572917023618,665,False,5.36390977443609,1535.59,0.0,7679.215397211367,close_only,recent,0.027285600573785374,0.0764869341510126,-0.3180000659234329,0.05011727076909556
affordable_15_exit0,b142b3be5b992c7b,0.5248805848185243,0.044314783982537076,-0.16819466021600837,0.6175731995959105,982,28.152928023474622,0.04729410378663501,0.3994795333327059,0.0894120649818866,2365,False,12.026638477801269,5580.197059879692,901.1318596455901,14415.28578504594,missed_fills,full,0.03924387024782661,0.4543414316491119,-0.4015950142279635,0.005070913734710469
affordable_15_exit0,b142b3be5b992c7b,0.15935035031936162,0.05549071757154311,-0.09638642231046735,0.8189191184278172,194,4.994118512276411,0.008389619688773142,0.24449037996713494,0.09540085358856096,665,False,5.881203007518797,1278.98,0.0,7043.510711759804,missed_fills,recent,0.027285600573785374,0.0764869341510126,-0.3180000659234329,0.02820511699775774
affordable_15_exit0,b142b3be5b992c7b,0.7009348366923465,0.056107493853416734,-0.12743181377325652,0.6821689008441244,653,36.412683125128424,0.06116966638190322,0.42992536893716626,0.09881518154028773,2365,False,10.523467230443975,4969.482452819506,285.7736295603065,12230.271768756471,phase_10,full,0.03924387024782661,0.4543414316491119,-0.4015950142279635,0.016863623605590128
affordable_15_exit0,b142b3be5b992c7b,0.27797302516207356,0.09372224741230673,-0.07964247113393152,1.1182915556763646,136,5.843866308006568,0.009817111010820233,0.2603255540683387,0.08953732477162273,665,False,5.264661654135338,1313.49,0.0,8541.190991373436,phase_10,recent,0.027285600573785374,0.0764869341510126,-0.3180000659234329,0.06643664683852135
affordable_15_exit0,b142b3be5b992c7b,0.4754905038793189,0.0407869865326258,-0.16193954396080323,0.5211905344155313,689,34.691434928904975,0.05827814153706748,0.4242357682763693,0.13823638271208216,2365,False,10.550951374207187,5425.05209552784,295.17987928215143,12842.535405897768,exclude_top3,full,0.006841551805900847,0.06859404794501578,-0.4518424224607587,0.033945434726724955
affordable_15_exit0,b142b3be5b992c7b,0.2907746390597912,0.09771125550648829,-0.06516477213667116,1.1629773232954583,130,5.955219471461375,0.010004173190107964,0.2609811289594457,0.12375665320476979,665,False,5.174436090225564,1466.5900000000001,0.0,8937.239444544592,exclude_top3,recent,0.016873772398201092,0.04687803450940686,-0.3124935645312299,0.0808374831082872
affordable_15_exit0,b142b3be5b992c7b,0.4403470631161084,0.03821168092807303,-0.13632381851947106,0.5278150278671634,602,29.725547886410556,0.0499359478943811,0.389930785562449,0.08331851334719763,2365,False,7.786046511627907,5334.323400000001,0.0,10382.411824818697,exclude_complex_actions,full,0.03530402869202165,0.40157245300140065,-0.3697472936685683,0.0029076522360513835
affordable_15_exit0,b142b3be5b992c7b,0.15767754319757965,0.054934205225221744,-0.07844455048945997,0.8113165318317153,129,5.357104191501936,0.0089993993313041,0.2469452026109053,0.08105469487974937,665,False,4.984962406015038,1398.66,0.0,8443.326331213342,exclude_complex_actions,recent,0.009824843511492487,0.02712914797741739,-0.2829732322408285,0.04510936171372926
affordable_15_exit3,65dfb0605fd9cf3e,0.5889884243174854,0.048743988653249914,-0.19244917515765259,0.6440649487880716,730,39.59875898703946,0.06652195522232757,0.3802349982516993,0.12635973580342572,2365,False,9.715010570824525,5310.541044833394,295.17987928215143,13588.473003783973,base,full,0.03924387024782661,0.4543414316491119,-0.4015950142279635,0.009500118405423308
affordable_15_exit3,65dfb0605fd9cf3e,0.29987074928876156,0.1005303844852583,-0.0662925607506264,1.215739107449081,140,6.578575353959798,0.011051348737117066,0.24576832429411638,0.12295892844450236,665,False,4.885714285714286,1473.19,0.0,9210.1227514137,base,recent,0.027285600573785374,0.0764869341510126,-0.3180000659234329,0.07324478391147293
affordable_15_exit3,65dfb0605fd9cf3e,0.5202066701268515,0.04398536615548809,-0.1806416339112804,0.5867546697505581,733,39.011655919145966,0.15450530636167736,0.3810985799832588,0.1308756966029453,2365,False,9.684566596194504,5091.181044833394,295.17987928215143,13279.020374250264,minimum_fee,full,0.036478241129486166,0.41711680445821053,-0.40875725192273515,0.007507125026001926
affordable_15_exit3,65dfb0605fd9cf3e,0.2704036375150094,0.0913516675448367,-0.06611247239391937,1.1252125759155724,143,6.524971620887518,0.03437205370773781,0.24469496674742608,0.12359185145379917,665,False,4.885714285714286,1454.0900000000001,0.0,8624.10940010849,minimum_fee,recent,0.02368237692909525,0.06618084131568414,-0.32157317655864115,0.06766929061574145
affordable_15_exit3,65dfb0605fd9cf3e,0.5068152789905644,0.043036483025907124,-0.18800517537472305,0.5745239157363744,736,38.83045890293575,0.1623553766447258,0.37895384836131657,0.13239306444843418,2365,False,9.66384778012685,5063.413944833394,295.17987928215143,12877.278640161654,higher_cost,full,0.03631881514662427,0.41499727146632615,-0.40846734042638255,0.0067176678792828515
affordable_15_exit3,65dfb0605fd9cf3e,0.257961224448074,0.08743539489572227,-0.06674018657633285,1.0906826371712943,139,6.26846452057123,0.034371165770502095,0.24136666195114406,0.12371776760338607,665,False,4.86015037593985,1454.0900000000001,0.0,8624.837009054096,higher_cost,recent,0.023036374394881376,0.06433976634308136,-0.32147996136395385,0.0643990205008409
affordable_15_exit3,65dfb0605fd9cf3e,0.5099593790529846,0.04325994439698433,-0.19476161344763887,0.5731683216451257,724,39.3608986246235,0.06612237359950501,0.37740186286138483,0.12959916614337788,2365,False,9.632980972515856,5253.247143444505,295.17987928215143,14174.601663015093,delay_one,full,0.03924387024782661,0.4543414316491119,-0.4015950142279635,0.004016074149157722
affordable_15_exit3,65dfb0605fd9cf3e,0.2802051147085245,0.0944195906924834,-0.061363917665509526,1.1734759697573778,137,6.391618946743806,0.010737280668634918,0.23485595559023054,0.12347389077562791,665,False,4.66015037593985,1456.59,0.0,8918.15371591394,delay_one,recent,0.027285600573785374,0.0764869341510126,-0.3180000659234329,0.06713399011869803
affordable_15_exit3,65dfb0605fd9cf3e,0.583529622502005,0.04837314646074242,-0.1894205488339129,0.6482473526421199,716,39.06093269093505,0.06561846082750178,0.374480504346488,0.1259820065981171,2365,False,9.627906976744185,5216.031044833394,295.17987928215143,13424.708949319564,morning_only,full,0.03924387024782661,0.4543414316491119,-0.4015950142279635,0.009129276212915816
affordable_15_exit3,65dfb0605fd9cf3e,0.2988954809466067,0.10022872314074371,-0.06604359784599012,1.2313870265806417,138,6.469843281310796,0.010868689728274008,0.2428427649174789,0.12295892844450236,665,False,4.8541353383458645,1473.19,0.0,9180.864701149056,morning_only,recent,0.027285600573785374,0.0764869341510126,-0.3180000659234329,0.07294312256695834
affordable_15_exit3,65dfb0605fd9cf3e,0.5135911561400177,0.04351754750832226,-0.19849871387550655,0.5850336791529146,718,38.98223391670171,0.0654862547566672,0.374933174935022,0.126456347713149,2365,False,9.61522198731501,5213.991044833394,295.17987928215143,13080.554954645248,close_only,full,0.03924387024782661,0.4543414316491119,-0.4015950142279635,0.004273677260495656
affordable_15_exit3,65dfb0605fd9cf3e,0.23976526327203262,0.08166365980422885,-0.08767097016324887,1.0304447500317544,140,6.269680582345725,0.010532436410282581,0.24210788141302952,0.12348410128811528,665,False,4.8541353383458645,1454.0900000000001,0.0,8078.958173772861,close_only,recent,0.027285600573785374,0.0764869341510126,-0.3180000659234329,0.054378059230443476
affordable_15_exit3,65dfb0605fd9cf3e,0.5438768820307567,0.045644388499203936,-0.20553512906358773,0.6637567246217829,1102,32.25835842638054,0.054190816320476676,0.35071664311883916,0.09551755171386796,2365,False,10.711205073995771,4783.37945987969,901.1318596455901,14985.174701412914,missed_fills,full,0.03924387024782661,0.4543414316491119,-0.4015950142279635,0.0064005182513773295
affordable_15_exit3,65dfb0605fd9cf3e,0.206285198475322,0.07090171015214031,-0.07188196619584641,1.092250245205424,198,5.018413904571532,0.008430433518289718,0.20349510929151382,0.09357772184356236,665,False,4.7218045112781954,1262.8100000000002,0.0,8179.556177419452,missed_fills,recent,0.027285600573785374,0.0764869341510126,-0.3180000659234329,0.043616109578354934
affordable_15_exit3,65dfb0605fd9cf3e,0.8478874429689787,0.06513988943380311,-0.0866183463162683,0.8007283623499373,703,40.26730368042962,0.06764504345275375,0.4045752395968647,0.09239431630540815,2365,False,10.034249471458773,5206.572452819506,285.7736295603065,14671.849997109754,phase_10,full,0.03924387024782661,0.4543414316491119,-0.4015950142279635,0.025896019185976504
affordable_15_exit3,65dfb0605fd9cf3e,0.29748525703009077,0.09979227084321218,-0.07148000056422688,1.2127934167721308,144,6.473645105021122,0.010875076411924985,0.2486210093611337,0.08953732477162273,665,False,5.007518796992481,1351.4899999999998,0.0,9126.557947413952,phase_10,recent,0.027285600573785374,0.0764869341510126,-0.3180000659234329,0.07250667026942681
affordable_15_exit3,65dfb0605fd9cf3e,0.43343826799941976,0.03769878383549141,-0.1654351649633502,0.5073104243363624,766,39.46751006468278,0.06630147015766058,0.38208083379875507,0.13910956685263107,2365,False,9.719238900634249,4844.732095527839,295.17987928215143,12797.968313288335,exclude_top3,full,0.006841551805900847,0.06859404794501578,-0.4518424224607587,0.030857232029590564
affordable_15_exit3,65dfb0605fd9cf3e,0.29749698674334213,0.09979590233114433,-0.06643762508189088,1.2059062387900825,127,5.884679589427709,0.00988567324227961,0.2441714578229451,0.12266861213333903,665,False,4.842105263157895,1466.5900000000001,0.0,9138.90987505112,exclude_top3,recent,0.016873772398201092,0.04687803450940686,-0.3124935645312299,0.08292212993294323
affordable_15_exit3,65dfb0605fd9cf3e,0.2773865256348047,0.02547932317358015,-0.19421174573686117,0.386233595799831,668,33.61026819836656,0.056461889546435995,0.3464441861053223,0.08428831688341495,2365,False,6.914164904862579,4504.2734,0.0,8816.595726128799,exclude_complex_actions,full,0.03530402869202165,0.40157245300140065,-0.3697472936685683,-0.009824705518441501
affordable_15_exit3,65dfb0605fd9cf3e,0.16818727536057954,0.05842217493051205,-0.07487328286605621,0.8679600362219871,138,6.0002586333382135,0.010079834478144863,0.22449690589334556,0.08735550754992481,665,False,4.532330827067669,1331.16,0.0,8758.618296103337,exclude_complex_actions,recent,0.009824843511492487,0.02712914797741739,-0.2829732322408285,0.04859733141901956
