year,Strategy,Fractional_price_basket,SET100_price
2017,0.1421870449606606,0.16277035713617183,0.16751992101331492
2018,-0.006854880336324531,-0.1283878219206287,-0.09829419057622302
2019,0.01843504683606123,0.07547882174739162,0.021411924355485557
2020,0.10501933238256767,0.04572278441246325,-0.13029574632505192
2021,0.2328834182432966,0.25806067206384564,0.11199142869766265
2022,-0.08633130096939834,-0.014335414674184643,-0.0031874129504060322
2023,-0.08530983804335923,-0.1525394449212546,-0.1413278980543281
2024,0.05548992938787478,0.028699339819545866,0.010810643532439768
2025,-0.04693367025448292,-0.1464397551898996,-0.08747876047943925
2026,0.28128481793760973,0.3827950924338992,0.29604383929320344
